"k_id","a_id","von","bis"
"418","1","1994-10-17","2008-10-19"
"419","2","2003-10-06","2013-10-07"
"420","3","1970-12-03","1973-03-20"
"421","4","1966-12-02","1970-12-02"
"419","5","1966-12-02","1978-11-08"
"422","6","2013-10-07","2013-10-07"
"420","7","1994-10-15","1998-09-27"
"423","7","2013-10-07","2013-10-07"
"424","8","2008-10-20","2008-10-20"
"419","9","1946-12-16","1950-11-26"
"425","9","1950-11-27","1954-12-12"
"426","9","1954-12-13","1958-12-03"
"420","10","1962-12-07","1974-11-11"
"420","11","1946-12-16","1950-11-26"
"427","12","1972-10-10","1974-11-11"
"427","13","1946-12-16","1950-11-26"
"424","14","1946-12-16","1948-12-12"
"421","15","1950-11-27","1966-12-01"
"427","15","1946-12-16","1950-11-26"
"428","16","2000-07-01","2003-10-05"
"428","17","1958-12-04","1969-07-29"
"419","18","2008-10-20","2008-10-20"
"429","19","1970-12-03","1974-11-11"
"430","19","1974-11-12","1994-10-14"
"424","20","1986-01-03","1986-10-21"
"422","21","2008-10-20","2008-10-20"
"419","22","2003-10-06","2008-04-30"
"431","23","2008-10-20","2008-10-20"
"419","24","1946-12-16","1950-11-26"
"432","24","1950-11-27","1962-12-06"
"419","25","1970-12-03","1982-10-19"
"428","26","1966-12-02","1970-12-02"
"433","27","1950-11-27","1966-12-01"
"427","28","1958-12-04","1966-12-01"
"422","29","1950-11-27","1961-12-15"
"434","30","2008-10-20","2013-10-07"
"427","31","1950-11-27","1958-12-03"
"427","32","1946-12-16","1953-09-28"
"435","33","1962-12-07","1974-11-11"
"419","34","2008-10-20","2008-10-20"
"436","35","2013-10-07","2013-10-07"
"420","36","1973-04-05","1974-11-11"
"437","37","1974-11-12","1994-10-14"
"419","38","1970-09-16","1970-12-02"
"420","39","1990-10-24","2003-10-05"
"428","40","1954-12-13","1956-01-09"
"438","41","1978-10-30","1990-10-23"
"434","42","1946-12-16","1950-11-26"
"439","42","1950-11-27","1954-12-12"
"420","43","1954-12-13","1962-12-06"
"424","44","1954-12-13","1962-12-06"
"434","44","1946-12-16","1950-11-26"
"440","44","1950-11-27","1954-12-12"
"441","45","2013-10-07","2013-10-07"
"434","46","1946-12-16","1950-11-26"
"442","46","1950-11-27","1954-12-12"
"443","47","1950-11-27","1954-12-12"
"434","48","1946-12-16","1947-06-20"
"444","49","2008-10-20","2008-10-20"
"420","50","1986-10-22","1990-10-14"
"420","50","2003-10-06","2003-10-06"
"424","51","1962-12-07","1966-12-01"
"420","52","1965-10-21","1967-12-04"
"420","53","1996-05-02","1998-09-27"
"420","54","1950-11-27","1962-12-06"
"428","55","1994-10-15","2003-10-05"
"445","55","1970-12-03","1994-10-14"
"420","56","1946-12-16","1950-11-26"
"446","56","1950-11-27","1953-10-15"
"419","57","1974-11-07","1986-10-21"
"419","57","1994-10-15","2003-10-05"
"447","57","1986-10-22","1994-10-14"
"447","57","2003-10-06","2013-10-07"
"419","58","1950-11-27","1954-12-12"
"422","59","1946-12-16","1949-09-22"
"434","60","1954-12-13","1957-03-26"
"448","60","1950-11-27","1954-12-12"
"434","61","2013-10-07","2013-10-07"
"428","62","1978-10-30","1990-10-23"
"420","63","1993-01-01","2003-10-05"
"424","64","1946-12-16","1950-11-26"
"420","65","1946-12-16","1950-11-26"
"449","65","1954-12-13","1958-02-09"
"420","66","1970-12-03","1978-10-29"
"450","66","1978-10-30","1994-10-14"
"451","67","1990-10-24","1990-10-24"
"420","68","2008-10-20","2013-10-07"
"419","69","2003-10-06","2013-10-07"
"427","70","1946-12-16","1950-11-26"
"420","71","1946-12-16","1966-12-01"
"420","71","1970-12-03","1974-11-11"
"424","72","1946-12-16","1950-11-26"
"452","72","1954-12-13","1958-02-04"
"420","73","1982-10-20","1986-10-21"
"453","73","1974-11-12","1982-10-19"
"453","73","1986-10-22","1990-10-23"
"420","74","2003-10-06","2008-10-19"
"422","75","1994-10-18","1994-10-18"
"424","76","1954-12-13","1958-01-06"
"454","76","1950-11-27","1954-12-12"
"424","77","1954-12-13","1958-12-03"
"455","78","1954-12-13","1962-12-06"
"456","78","1962-12-07","1970-12-02"
"420","79","1970-12-03","1974-11-11"
"424","80","1946-12-16","1958-12-03"
"434","81","1951-01-30","1954-08-10"
"457","82","1990-10-24","1996-04-30"
"427","83","1970-12-03","1978-10-29"
"458","84","2008-10-20","2008-10-20"
"424","85","1990-05-16","1990-10-23"
"434","86","1991-01-30","1994-10-14"
"420","87","1994-10-17","2003-10-05"
"459","87","2003-10-06","2003-10-06"
"434","88","1946-12-16","1950-11-26"
"420","89","1958-12-04","1966-12-01"
"420","89","1970-09-16","1970-12-02"
"427","90","1998-09-28","2008-10-19"
"428","91","1986-10-22","1990-10-23"
"428","92","1946-12-16","1950-11-26"
"420","93","1966-12-02","1970-12-02"
"460","94","2013-10-07","2013-10-07"
"434","95","1974-11-12","1984-06-01"
"420","96","1990-10-24","1994-10-14"
"424","97","1946-12-16","1950-11-26"
"461","97","1954-12-13","1966-12-01"
"420","98","1986-10-22","1991-07-15"
"420","99","1970-12-03","1974-12-27"
"420","100","1980-08-26","1994-10-14"
"419","101","1992-05-27","1994-10-14"
"462","101","1994-10-15","2013-10-07"
"422","102","2007-01-23","2008-10-19"
"463","102","2013-10-07","2013-10-07"
"420","103","1954-12-13","1966-12-01"
"419","105","1950-01-01","1950-11-26"
"420","106","1974-11-12","1978-10-29"
"464","106","1970-12-03","1974-11-11"
"424","107","1954-12-13","1958-12-03"
"465","108","1994-10-19","2003-10-05"
"466","108","2003-10-06","2003-10-06"
"419","109","1946-12-16","1950-11-26"
"422","110","1990-10-24","1994-10-14"
"447","111","2013-10-07","2013-10-07"
"467","112","1966-12-02","1970-12-02"
"420","113","2008-10-20","2013-10-07"
"422","114","1962-12-07","1966-12-01"
"468","114","1966-12-02","1974-11-11"
"469","114","1974-11-12","1978-10-29"
"420","115","1950-11-27","1954-12-12"
"420","116","1978-10-30","1990-10-23"
"427","117","1970-12-03","1974-11-11"
"420","118","1986-10-22","1990-10-23"
"420","119","1974-11-12","1978-10-29"
"446","119","1966-12-02","1974-11-11"
"446","119","1978-10-30","1986-10-21"
"434","120","1954-12-13","1958-12-03"
"420","121","1958-12-04","1965-10-21"
"427","122","1986-10-22","2003-10-05"
"470","122","1974-11-12","1986-10-21"
"422","123","1962-12-07","1970-12-02"
"422","123","1974-11-12","1986-10-21"
"471","123","1970-12-03","1974-11-11"
"472","124","1974-11-12","1976-10-26"
"427","125","1946-12-16","1949-06-29"
"427","126","2013-10-07","2013-10-07"
"419","127","1946-12-16","1950-11-26"
"427","128","1990-10-23","2003-10-05"
"444","128","2003-10-06","2008-10-19"
"420","129","1994-10-15","1998-09-27"
"427","130","1966-12-02","1981-04-07"
"473","131","1982-10-20","1990-05-15"
"420","132","1966-12-02","1969-12-18"
"474","133","1970-12-03","1990-10-23"
"420","134","1990-10-24","1996-05-10"
"420","134","2008-10-20","2010-08-18"
"428","135","2008-10-20","2013-10-07"
"420","136","1974-11-12","1982-10-19"
"427","137","1958-12-04","1974-11-11"
"419","138","1954-12-13","1966-12-01"
"422","139","1946-12-16","1949-09-23"
"419","140","1966-12-02","1970-12-02"
"475","141","1966-12-02","1970-12-02"
"476","142","1958-12-04","1966-12-01"
"445","143","1958-12-04","1970-12-02"
"428","144","1946-12-16","1948-02-29"
"464","145","1966-12-02","1970-12-02"
"477","145","1950-11-27","1954-12-12"
"477","145","1962-12-07","1966-12-01"
"478","145","1954-12-13","1962-12-06"
"479","146","1990-10-23","2003-10-05"
"480","146","2003-10-06","2008-10-19"
"420","147","1950-11-27","1953-10-23"
"481","148","2008-10-20","2008-10-20"
"482","149","1962-12-07","1974-11-11"
"483","149","1974-11-12","1994-10-14"
"484","150","1966-12-02","1994-10-14"
"424","151","1946-12-16","1954-12-12"
"427","152","1946-12-16","1950-11-26"
"434","153","1974-11-12","1978-05-02"
"485","154","1970-12-03","1974-11-11"
"486","154","1974-11-12","1982-10-19"
"427","156","2008-10-20","2013-10-07"
"424","157","1970-12-03","1978-10-29"
"487","158","1974-11-12","1990-10-23"
"488","159","1994-10-17","2008-10-19"
"419","160","1990-10-24","1994-10-14"
"473","161","1990-10-23","1994-10-14"
"489","161","1994-10-15","2013-10-07"
"473","162","1974-11-12","1982-10-19"
"419","163","1946-12-16","1958-12-03"
"420","164","2012-04-03","2013-10-06"
"490","164","2013-10-07","2013-10-07"
"491","165","1974-11-12","1986-10-21"
"424","166","1950-11-27","1954-12-12"
"420","167","1974-11-12","1982-10-19"
"420","167","1990-10-24","1994-10-14"
"492","168","1970-12-03","1978-10-29"
"422","169","1954-12-13","1962-12-06"
"493","169","1962-12-07","1970-12-02"
"428","170","1946-12-16","1950-11-26"
"494","170","1950-11-27","1954-12-12"
"419","171","1952-08-20","1954-12-12"
"419","171","1957-01-18","1958-12-03"
"426","171","1958-12-04","1966-12-01"
"495","171","1966-12-02","1974-11-11"
"420","172","1974-11-12","1990-10-23"
"424","173","2003-10-06","2008-04-30"
"420","174","1960-10-30","1962-12-06"
"467","174","1962-12-07","1966-12-01"
"419","175","2002-11-22","2003-10-05"
"496","176","2003-10-06","2008-04-30"
"420","177","1966-12-02","1970-12-02"
"497","178","2013-10-07","2013-10-07"
"427","179","1974-11-12","1982-06-11"
"498","179","1970-12-03","1974-11-11"
"420","180","1998-09-28","1998-09-28"
"499","181","1950-11-27","1974-11-11"
"422","182","1950-11-27","1958-12-03"
"424","183","1966-12-02","1978-10-29"
"500","184","1998-09-28","2003-10-05"
"501","184","2003-10-06","2003-10-06"
"420","185","1950-11-27","1954-12-12"
"419","186","1990-10-24","1993-12-31"
"497","187","1990-10-23","2013-10-07"
"428","188","1946-12-16","1950-11-26"
"502","188","1950-11-27","1954-12-12"
"422","189","1982-10-20","1990-10-23"
"424","190","1946-12-16","1950-11-26"
"424","191","1994-10-17","2003-10-05"
"424","191","2008-05-01","2008-10-19"
"422","192","1946-12-16","1950-11-26"
"503","192","1950-11-27","1966-12-01"
"504","193","1958-12-04","1961-10-09"
"505","194","1954-12-13","1966-12-01"
"427","195","1946-12-16","1950-11-26"
"506","195","1950-11-27","1962-12-06"
"507","196","1958-12-04","1960-05-31"
"508","197","2013-10-07","2013-10-07"
"509","198","1950-11-27","1974-11-11"
"510","198","1974-11-12","1987-08-31"
"511","199","2003-10-06","2008-10-19"
"512","199","2013-10-07","2013-10-07"
"422","200","2007-11-12","2008-10-19"
"513","201","1950-11-27","1966-12-01"
"420","202","1950-11-27","1954-12-12"
"419","203","1946-12-16","1950-11-26"
"428","204","1946-12-16","1950-05-30"
"514","204","1924-06-03","1928-04-27"
"515","204","1928-06-21","1932-04-07"
"424","205","1958-01-11","1958-12-03"
"452","205","1950-11-27","1954-12-12"
"420","206","1986-10-22","1990-10-23"
"510","206","1990-10-24","1996-07-31"
"516","207","1958-12-04","1966-12-01"
"434","208","1974-11-12","1986-10-21"
"422","209","1978-10-30","1998-09-27"
"427","210","1949-07-05","1950-11-26"
"424","211","1990-10-24","1998-09-27"
"434","212","2013-05-14","2013-10-07"
"420","213","1970-12-03","1982-10-19"
"424","214","1958-12-04","1962-12-06"
"517","215","1950-11-27","1954-12-12"
"419","216","1954-12-13","1958-12-03"
"434","217","1954-12-13","1958-12-03"
"446","217","1958-12-04","1962-12-06"
"464","217","1962-12-07","1974-11-11"
"424","218","1996-04-01","2003-10-05"
"518","218","2003-10-06","2008-10-19"
"422","219","1950-11-27","1951-10-17"
"419","220","1946-12-16","1966-12-01"
"519","221","1978-10-28","2008-10-19"
"520","222","2013-10-07","2013-10-07"
"427","223","2008-10-20","2008-10-20"
"420","224","2011-05-17","2012-04-02"
"428","225","1954-12-13","1966-12-01"
"521","225","1950-11-27","1954-12-12"
"419","226","1954-12-13","1962-12-06"
"419","226","1965-10-14","1965-11-10"
"504","226","1950-11-27","1954-12-12"
"522","227","1978-10-30","1986-10-21"
"523","227","1986-10-22","1994-10-14"
"420","228","1978-05-31","1978-10-29"
"420","228","1982-10-20","1986-10-21"
"428","229","1946-12-16","1950-11-26"
"424","230","1962-12-07","1966-12-01"
"420","231","1998-09-28","2008-10-19"
"451","231","1974-11-12","1980-10-03"
"427","232","2013-10-07","2013-10-07"
"419","233","1966-12-02","1970-12-02"
"427","234","2008-10-20","2008-10-20"
"439","235","1966-12-02","1974-11-11"
"524","235","1974-11-12","1986-10-21"
"525","235","1986-10-22","1990-10-23"
"434","236","1970-12-03","1994-10-14"
"419","237","1982-10-20","1990-10-23"
"424","238","1946-12-16","1949-07-18"
"434","239","1977-06-03","1978-10-29"
"434","239","1979-01-17","1994-10-14"
"434","240","1994-10-17","2008-10-19"
"434","241","1970-12-03","1974-11-11"
"526","241","1954-12-13","1970-12-02"
"434","242","1962-12-07","1970-12-02"
"476","242","1954-12-13","1962-12-06"
"527","242","1970-12-03","1974-11-11"
"420","243","2002-11-04","2003-10-05"
"420","243","2008-05-01","2008-10-19"
"419","244","1960-06-07","1966-12-01"
"419","244","1967-12-03","1970-12-02"
"419","244","1972-12-07","1974-11-11"
"420","245","1954-12-13","1962-12-06"
"528","245","1950-11-27","1954-12-12"
"424","246","2008-10-20","2013-10-07"
"422","247","1984-07-19","1998-09-27"
"428","248","1990-10-23","2008-10-19"
"434","249","1946-12-16","1950-11-26"
"529","250","1950-11-27","1954-12-12"
"529","250","1958-12-04","1962-12-06"
"428","251","1962-12-07","1966-12-01"
"505","251","1966-12-02","1974-11-11"
"530","251","1974-11-12","1990-10-23"
"419","252","1958-12-04","1966-12-01"
"531","252","1966-12-02","1967-02-06"
"419","253","1946-12-16","1949-09-19"
"419","254","1970-12-03","1982-10-19"
"434","255","1978-07-12","1978-10-29"
"420","256","1990-10-24","1998-09-27"
"479","257","2013-10-07","2013-10-07"
"420","258","1975-01-08","1978-10-29"
"420","258","1983-05-24","1986-10-21"
"420","258","1989-06-26","1990-10-23"
"428","259","1951-10-22","1954-12-12"
"420","260","2010-08-25","2013-10-07"
"419","261","1946-12-16","1950-11-26"
"532","261","1950-11-27","1954-12-12"
"427","262","1981-04-21","1998-09-27"
"424","263","1978-10-30","2003-10-05"
"434","264","1970-12-03","1982-10-19"
"533","265","1950-11-27","1978-10-29"
"420","266","1990-10-24","1994-10-14"
"424","266","2012-02-01","2013-10-07"
"420","267","1946-12-16","1950-11-26"
"534","267","1950-11-27","1970-12-02"
"422","268","2011-12-15","2011-12-15"
"419","269","1962-12-07","1966-12-01"
"420","270","1982-10-20","1986-10-21"
"535","270","1986-10-22","2003-10-05"
"536","271","1998-09-28","2003-10-05"
"537","271","2003-10-06","2008-10-19"
"422","272","1978-10-30","1982-10-19"
"422","272","1990-10-24","1994-10-14"
"538","272","1974-11-12","1978-10-29"
"538","272","1982-10-20","1990-10-23"
"538","272","1994-10-15","1996-04-30"
"427","273","1966-12-02","1970-12-02"
"539","274","1950-11-27","1965-03-27"
"419","275","1982-10-20","1986-10-21"
"540","275","1986-10-22","1986-10-22"
"434","276","1950-11-27","1953-09-29"
"428","277","1946-12-16","1950-11-26"
"541","277","1950-11-27","1966-12-01"
"542","277","1966-12-02","1970-12-02"
"543","277","1966-12-02","1970-12-02"
"420","278","1949-09-28","1950-11-26"
"424","279","2008-05-05","2008-10-19"
"422","280","1974-11-12","1978-10-29"
"428","281","1954-12-13","1970-12-02"
"424","282","1965-10-21","1966-12-01"
"434","283","1970-12-03","1986-10-21"
"527","283","1966-12-02","1970-12-02"
"419","284","1950-11-27","1958-12-03"
"419","284","1962-12-07","1970-12-02"
"424","285","1966-12-02","1970-12-02"
"424","286","1966-12-02","1969-12-03"
"544","287","1950-11-27","1970-12-02"
"434","288","2003-10-06","2003-10-06"
"428","289","2002-05-01","2003-10-05"
"545","290","2008-10-20","2008-10-20"
"546","291","1954-12-13","1962-12-06"
"420","292","1974-11-12","1978-10-29"
"547","292","1950-11-27","1970-12-02"
"548","292","1970-12-03","1974-11-11"
"549","293","1986-10-22","2008-10-19"
"434","294","1954-12-13","1970-12-02"
"424","295","1965-01-27","1966-12-01"
"427","296","1962-12-07","1967-08-28"
"419","297","2013-10-07","2013-10-07"
"420","298","1978-10-28","1978-10-28"
"420","299","1953-10-21","1954-12-12"
"420","299","1957-05-03","1958-12-03"
"419","300","1994-10-15","2003-10-05"
"428","301","1970-12-03","1974-11-11"
"529","301","1974-11-12","1986-10-21"
"424","302","1982-10-20","1994-10-14"
"550","303","1990-10-24","2002-10-31"
"424","304","1954-12-13","1966-12-01"
"424","304","1969-12-10","1974-11-11"
"551","304","1950-11-27","1954-12-12"
"434","305","1952-11-30","1954-12-12"
"552","305","1954-12-13","1959-06-14"
"553","306","1978-10-30","1986-10-21"
"427","307","1950-11-27","1958-12-03"
"427","308","1946-12-16","1950-11-26"
"554","308","1928-06-21","1933-04-29"
"434","309","2008-10-20","2008-10-20"
"434","310","1998-09-28","2003-10-05"
"424","311","1950-11-27","1953-10-27"
"427","312","1981-11-17","1986-10-21"
"434","313","1962-12-07","1978-10-29"
"434","314","1950-11-27","1958-12-03"
"424","315","1974-11-12","1990-07-03"
"428","316","1970-12-03","1986-10-21"
"422","317","1958-12-04","1978-10-29"
"427","318","2013-10-07","2013-10-07"
"424","319","1962-12-07","1972-09-21"
"555","320","1966-12-02","1974-11-11"
"556","320","1974-11-12","1982-10-19"
"434","321","1956-11-07","1960-12-13"
"420","322","1974-11-12","1986-10-21"
"424","323","2013-10-07","2013-10-07"
"422","324","2008-10-20","2008-10-20"
"420","325","1970-12-03","1972-12-07"
"420","326","1970-11-23","1978-10-29"
"557","326","1978-10-30","2008-10-19"
"558","327","1970-12-03","1998-09-27"
"559","328","2003-10-06","2013-10-07"
"434","329","1994-10-15","2003-10-05"
"560","330","1954-12-13","1966-12-01"
"561","330","1966-12-02","1974-11-11"
"562","330","1974-11-12","1978-10-29"
"420","331","1974-11-07","1978-10-29"
"420","331","2013-10-07","2013-10-07"
"490","331","2003-10-06","2013-10-06"
"563","331","1978-10-30","2003-10-05"
"422","332","1998-09-28","1998-09-28"
"420","333","2008-10-20","2008-10-20"
"428","334","1978-07-12","1978-10-29"
"420","335","1987-11-11","1990-10-23"
"420","335","1991-12-05","1998-09-27"
"420","335","2002-05-01","2003-10-05"
"420","336","1998-09-28","2002-04-30"
"564","336","1990-10-23","1998-09-27"
"428","337","1962-12-07","1970-12-02"
"428","337","1973-02-22","1974-11-11"
"420","338","1970-12-03","1974-11-11"
"428","339","2003-10-06","2008-10-19"
"422","340","1974-10-03","1974-11-11"
"420","341","1978-10-30","1986-10-21"
"427","342","1950-11-27","1954-12-12"
"427","342","1958-12-04","1962-12-06"
"472","342","1954-12-13","1958-12-03"
"565","343","1958-12-04","1965-09-08"
"434","344","1946-12-16","1950-11-26"
"552","344","1950-11-27","1952-10-23"
"422","345","1952-12-29","1966-12-01"
"469","346","1978-10-30","1998-09-27"
"424","347","1958-12-04","1962-12-06"
"420","348","1974-11-12","1982-10-19"
"420","348","1990-10-24","1994-10-14"
"428","349","1970-12-03","1990-10-23"
"530","349","1990-10-24","1994-10-14"
"419","350","1946-12-16","1950-11-26"
"491","350","1950-11-27","1970-12-02"
"434","351","1946-12-16","1950-11-26"
"508","352","1994-10-15","2003-10-05"
"434","353","1978-10-30","1982-10-19"
"434","353","1990-10-24","1991-01-29"
"507","354","1962-12-07","1966-12-01"
"434","355","1998-09-28","2008-10-19"
"419","356","1970-12-03","1974-11-11"
"434","357","1954-12-13","1958-12-03"
"420","358","1950-11-27","1962-12-06"
"419","359","1998-09-28","2003-10-05"
"566","359","2003-10-06","2008-10-19"
"567","359","2008-10-20","2008-10-20"
"420","360","1950-11-27","1954-12-12"
"419","361","1998-09-28","2002-10-31"
"437","361","1994-10-15","1998-09-27"
"424","362","1974-11-12","1978-10-29"
"568","362","1978-10-30","1983-10-31"
"569","363","1998-09-28","2003-10-05"
"570","363","2003-10-06","2008-10-19"
"571","364","1950-11-27","1953-02-22"
"419","365","2002-11-01","2008-10-19"
"420","366","1978-10-30","2003-10-05"
"422","367","1953-10-05","1954-12-12"
"420","368","2008-10-20","2008-10-20"
"434","369","1994-10-15","2003-10-05"
"434","369","2008-10-20","2008-10-20"
"420","370","1958-12-04","1962-12-06"
"572","370","1950-11-27","1958-12-03"
"420","371","1974-11-12","1978-10-29"
"533","371","1978-10-30","1994-10-14"
"422","372","1970-12-03","1974-11-11"
"492","373","1978-10-30","1983-05-15"
"427","374","1949-09-18","1950-11-26"
"419","375","1950-11-27","1965-10-13"
"419","376","1946-12-16","1950-11-26"
"426","376","1950-11-27","1957-01-17"
"419","377","1986-10-22","1998-09-27"
"495","377","1982-10-20","1986-10-21"
"419","378","1962-12-07","1970-12-02"
"491","378","1970-12-03","1972-12-07"
"422","379","2008-10-20","2013-10-07"
"434","380","1950-11-27","1954-12-12"
"573","381","2003-10-06","2008-10-19"
"574","381","2013-10-07","2013-10-07"
"575","382","1998-09-28","2008-10-19"
"422","383","1946-12-16","1950-11-26"
"576","383","1932-05-31","1933-04-03"
"577","383","1950-11-27","1958-11-18"
"419","384","1946-12-16","1950-11-26"
"420","384","1950-11-27","1954-12-12"
"420","385","1946-12-16","1949-10-07"
"420","386","1994-10-15","2003-10-05"
"575","386","1990-10-24","1994-10-14"
"434","387","1951-06-17","1954-12-12"
"578","387","1954-12-13","1958-12-03"
"579","387","1958-12-04","1969-09-04"
"419","388","2008-05-01","2008-10-19"
"427","389","2008-10-20","2008-10-20"
"424","390","2003-10-06","2013-10-07"
"420","391","1974-11-12","1978-10-29"
"419","392","1970-12-03","1976-11-24"
"420","392","1950-11-27","1966-12-01"
"450","393","1966-12-02","1978-10-29"
"580","393","1954-12-13","1966-12-01"
"581","394","1970-12-03","1972-12-07"
"428","395","2008-10-20","2013-10-07"
"428","395","2014-05-01","2014-05-01"
"420","396","1978-10-30","1998-09-27"
"582","397","1970-12-03","1984-07-01"
"427","398","1994-10-15","2003-10-05"
"420","399","1986-10-22","1994-10-14"
"434","400","1970-12-03","1986-10-21"
"427","401","1998-09-28","2003-10-05"
"420","402","2008-10-20","2008-10-20"
"420","403","1962-12-07","1970-09-07"
"427","404","1946-12-16","1950-11-26"
"422","405","1949-10-07","1953-10-01"
"434","406","1946-12-16","1950-11-26"
"420","407","1984-07-02","1986-10-21"
"420","407","1987-09-14","1990-10-23"
"583","407","1990-10-24","1994-05-02"
"422","408","2008-05-01","2008-10-19"
"584","408","1990-10-24","2003-10-05"
"420","409","1986-10-22","1987-06-25"
"422","409","1946-12-16","1947-09-22"
"422","409","1948-01-28","1947-09-22"
"422","409","1950-11-27","1954-12-12"
"419","410","1950-11-27","1954-12-12"
"420","411","1994-10-15","2003-10-05"
"585","412","1986-10-22","2003-10-05"
"424","413","1986-10-22","2003-10-05"
"586","414","2003-10-06","2003-10-06"
"424","415","1966-12-02","1970-12-02"
"491","416","1986-10-22","1990-09-26"
"419","417","1966-12-02","1974-11-11"
"495","417","1974-11-12","1978-10-29"
"587","418","1950-11-27","1954-12-12"
"588","419","1994-10-17","1994-10-17"
"589","420","1974-11-12","1990-10-23"
"427","421","1954-12-13","1966-12-01"
"427","421","1970-12-03","1974-11-11"
"434","422","1974-11-12","2002-12-26"
"434","423","1966-12-02","1970-12-02"
"517","424","1954-12-13","1974-11-11"
"428","425","1946-12-16","1950-11-26"
"424","426","1950-02-09","1950-11-26"
"590","426","1950-11-27","1966-12-01"
"591","427","1954-12-13","1974-11-11"
"592","428","1962-12-07","1970-12-02"
"419","429","1949-11-08","1950-11-26"
"474","430","1954-12-13","1970-12-02"
"422","431","1986-10-22","1996-07-11"
"593","432","2003-10-06","2008-10-19"
"594","432","2008-10-20","2008-10-20"
"595","433","2008-10-20","2008-10-20"
"428","434","1954-12-13","1958-12-03"
"596","435","1994-10-17","1994-10-17"
"419","436","1946-12-16","1949-09-20"
"597","436","1919-01-21","1920-06-02"
"598","436","1920-07-15","1924-04-05"
"599","436","1924-06-03","1928-04-27"
"600","436","1928-06-21","1928-12-21"
"427","437","1966-12-02","1970-12-02"
"434","438","2008-10-20","2008-10-20"
"419","439","2008-10-20","2013-10-07"
"601","440","1950-11-27","1966-12-01"
"420","441","2008-10-20","2013-10-07"
"420","442","1953-10-27","1958-12-03"
"602","442","1958-12-04","1990-10-23"
"428","443","1974-11-12","1978-10-29"
"419","444","2013-10-07","2013-10-07"
"419","445","1974-11-12","1998-07-15"
"420","446","1990-10-24","1994-10-14"
"428","447","1960-08-12","1962-12-06"
"420","448","1946-12-16","1950-11-26"
"603","449","1950-11-27","1954-12-12"
"604","450","1962-12-07","1966-12-01"
"604","450","1974-11-12","1990-10-23"
"605","450","1966-12-02","1974-11-11"
"606","451","2003-10-06","2003-10-06"
"493","452","1954-12-13","1961-12-14"
"428","453","1946-12-16","1950-11-26"
"420","454","1994-10-15","2003-10-05"
"424","455","1962-12-07","1982-10-19"
"422","456","1990-10-23","2008-10-19"
"420","457","1946-12-16","1950-11-26"
"607","457","1924-06-03","1932-04-07"
"608","457","1950-11-27","1970-12-02"
"419","458","1946-12-16","1950-11-26"
"609","458","1950-11-27","1953-02-05"
"610","459","1950-11-27","1966-12-01"
"611","460","1970-12-03","1984-07-18"
"428","461","1946-12-16","1954-12-12"
"612","462","2013-10-07","2013-10-07"
"422","463","1982-10-20","2003-10-05"
"427","464","1967-09-04","1970-12-02"
"613","465","1970-09-16","1970-12-02"
"420","466","1990-10-23","2003-10-05"
"614","466","2003-10-06","2008-10-19"
"615","467","2013-10-07","2013-10-07"
"427","468","1978-10-30","1994-10-14"
"428","469","2008-05-01","2008-10-19"
"616","470","2013-10-07","2013-10-07"
"428","471","1946-12-16","1950-02-08"
"445","471","1924-06-03","1925-01-16"
"617","471","1920-07-15","1924-04-05"
"420","472","1978-10-30","1982-10-19"
"424","473","1978-10-28","1990-10-23"
"618","473","1990-10-24","1990-10-24"
"434","474","1946-12-16","1954-12-12"
"440","475","1970-12-03","1974-11-11"
"619","475","1974-11-12","1994-10-14"
"449","476","1958-12-04","1977-05-26"
"620","477","2003-10-06","2003-10-06"
"420","478","2013-10-07","2013-10-07"
"420","479","1946-12-16","1950-11-26"
"429","479","1950-11-27","1970-12-02"
"621","480","2013-10-07","2013-10-07"
"419","481","1994-10-17","2008-10-19"
"622","482","1978-10-30","1986-10-21"
"422","483","2003-10-06","2008-10-19"
"623","483","2008-10-20","2008-10-20"
"420","484","1946-12-16","1954-12-12"
"624","484","1932-05-31","1933-04-03"
"625","484","1954-12-13","1970-12-02"
"420","485","1970-12-03","1974-11-11"
"420","485","1982-10-20","1986-10-21"
"626","485","1974-11-12","1978-10-29"
"627","485","1978-10-30","1982-10-19"
"427","486","1946-12-16","1950-11-26"
"434","487","1962-12-07","1966-12-01"
"434","488","1958-12-04","1972-09-27"
"434","489","2014-10-01","2014-10-01"
"628","490","1974-11-12","1986-10-21"
"629","491","1950-11-27","1966-12-01"
"439","492","1954-12-13","1958-12-03"
"630","493","1950-11-27","1958-12-03"
"434","494","1946-12-16","1950-11-26"
"420","495","1966-12-02","1970-12-02"
"420","495","1972-12-07","1974-11-11"
"420","495","1978-10-30","1982-10-19"
"428","496","1974-11-12","1986-10-21"
"420","497","1978-07-12","1978-10-29"
"420","497","1980-12-03","1986-10-21"
"459","497","1986-10-22","2003-06-05"
"434","498","1969-09-09","1974-11-11"
"527","498","1974-11-12","1976-12-21"
"428","499","1970-12-03","1973-02-20"
"419","500","1994-01-01","1994-10-14"
"631","501","2003-10-06","2003-10-06"
"419","502","1976-12-01","1982-10-19"
"632","503","1974-11-12","1978-01-22"
"434","504","1977-01-25","1979-01-15"
"434","504","1984-09-26","1986-10-21"
"628","504","1986-10-22","1998-09-27"
"633","505","2003-10-06","2003-10-06"
"419","506","1990-10-24","2002-04-30"
"420","507","1958-12-04","1970-12-02"
"420","507","1972-08-17","1974-11-11"
"422","508","1978-10-30","1982-10-19"
"420","509","1970-12-03","1982-10-19"
"434","510","1966-12-02","1970-12-02"
"434","510","1971-12-17","1974-11-11"
"634","511","1958-12-04","1974-11-11"
"635","511","1974-11-12","1990-10-23"
"420","512","1982-10-20","1986-10-21"
"420","513","1986-10-22","2003-10-05"
"420","514","2008-10-20","2013-10-07"
"419","515","1998-09-28","2002-04-30"
"491","515","1994-10-15","1998-09-27"
"420","516","1978-10-30","1982-10-19"
"420","516","1986-10-22","1994-10-14"
"636","516","1982-10-20","1986-10-21"
"420","517","1950-11-27","1954-12-12"
"440","517","1954-12-13","1970-12-02"
"519","518","2008-10-20","2008-10-20"
"468","519","1951-09-23","1963-02-14"
"420","520","1972-08-17","1974-11-11"
"422","521","1974-11-12","1978-10-29"
"637","521","1970-12-03","1974-11-11"
"434","522","1946-12-16","1954-12-12"
"638","522","1950-11-27","1954-12-12"
"434","523","1986-10-22","1994-10-14"
"427","524","1978-10-28","2008-10-19"
"422","525","1974-11-12","1978-10-29"
"422","525","1982-10-20","1990-10-23"
"538","525","1978-10-30","1982-10-19"
"424","526","1978-10-30","1986-10-21"
"434","527","1954-12-13","1962-12-06"
"419","528","1970-12-03","1986-10-21"
"639","528","1966-12-02","1970-12-02"
"434","529","2003-10-06","2003-10-06"
"434","530","1986-10-22","1997-07-31"
"640","531","2013-10-07","2013-10-07"
"641","532","1966-12-02","1982-10-19"
"428","533","2008-10-20","2008-10-20"
"642","534","1950-11-27","1958-12-03"
"422","535","1958-12-04","1959-01-01"
"420","536","1967-12-07","1978-10-29"
"427","537","1986-10-22","1990-10-23"
"643","537","1990-10-24","2008-10-19"
"420","538","1946-12-16","1950-11-26"
"422","539","1974-11-12","1978-10-29"
"427","540","1950-11-27","1953-10-27"
"427","540","1958-12-04","1962-12-06"
"420","541","1984-07-18","1986-07-26"
"424","542","1990-10-24","2003-10-05"
"424","543","1978-10-30","2003-10-05"
"579","544","1950-11-27","1954-12-12"
"420","545","2003-10-06","2008-10-19"
"422","546","1946-12-16","1950-11-26"
"424","547","1986-10-22","1990-10-23"
"552","548","1974-11-12","1984-07-17"
"644","548","1970-12-03","1974-11-11"
"419","549","1970-12-03","1982-10-19"
"420","550","1962-12-07","1970-12-02"
"420","551","1946-12-16","1970-12-02"
"427","552","1990-05-16","1990-10-23"
"645","552","1990-10-24","2013-10-07"
"420","553","1966-12-02","1974-11-11"
"420","553","1990-10-24","1994-10-14"
"627","553","1986-10-22","1990-10-23"
"646","553","1974-11-12","1978-05-30"
"645","554","2013-10-07","2013-10-07"
"424","555","2008-10-20","2012-01-31"
"424","556","1950-11-27","1959-03-05"
"420","557","1970-12-03","1990-10-23"
"427","558","2008-10-20","2013-10-07"
"420","559","1946-12-16","1950-11-26"
"419","560","1986-10-22","2003-10-05"
"419","561","1958-12-04","1962-12-06"
"420","562","1950-11-27","1958-12-03"
"424","563","1954-12-13","1958-12-03"
"424","563","1959-03-09","1966-12-01"
"647","564","1970-12-03","1984-09-16"
"434","565","1957-09-30","1970-12-02"
"434","566","1987-12-17","1990-10-23"
"434","566","1998-09-28","2002-04-30"
"525","566","1990-10-24","1998-09-27"
"422","567","1986-10-22","1998-09-27"
"648","568","1970-12-03","1986-10-21"
"420","569","2013-10-07","2013-10-07"
"625","570","1950-11-27","1954-12-12"
"424","571","1982-10-20","1990-10-23"
"649","571","1990-10-24","1998-09-27"
"650","571","1998-09-28","2013-10-07"
"422","572","1974-11-12","1986-10-21"
"651","572","1970-12-03","1974-11-11"
"420","573","1978-10-30","1980-08-05"
"420","574","2008-10-20","2008-10-20"
"420","575","1950-11-27","1958-12-03"
"420","576","1988-10-10","1990-10-23"
"420","577","1974-11-12","1998-09-27"
"478","577","1970-12-03","1974-11-11"
"422","578","1990-10-24","1994-10-14"
"652","578","1974-11-12","1990-10-23"
"419","579","1946-12-16","1954-12-12"
"419","579","1956-06-25","1958-12-03"
"422","580","1952-10-01","1954-12-12"
"434","581","1946-12-16","1950-11-26"
"653","581","1950-11-27","1970-12-02"
"427","582","1946-12-16","1950-11-26"
"654","582","1950-11-27","1954-12-12"
"655","582","1954-12-13","1962-12-06"
"420","583","2013-10-07","2013-10-07"
"419","584","1962-12-07","1970-09-09"
"420","585","1948-12-10","1958-12-03"
"423","586","1994-10-19","2008-04-30"
"420","587","2013-10-07","2013-10-07"
"428","588","1946-12-16","1950-11-26"
"656","589","1994-10-17","2003-10-05"
"657","589","2003-10-06","2003-10-06"
"422","590","1958-12-04","1962-12-06"
"422","590","1963-02-18","1963-04-03"
"420","591","1954-04-22","1966-12-01"
"424","592","1970-12-03","1986-10-21"
"422","593","1946-12-16","1950-11-26"
"420","594","1966-12-02","1972-07-31"
"658","594","1994-10-15","1998-09-27"
"420","595","1998-09-28","2008-10-19"
"427","596","1949-11-30","1950-11-26"
"592","597","1970-12-03","1974-11-11"
"659","597","1974-11-12","1978-10-10"
"660","598","1990-10-23","2003-10-05"
"661","598","2003-10-06","2003-10-06"
"420","599","2013-10-07","2013-10-07"
"425","600","1950-11-27","1966-12-01"
"427","601","1974-11-12","1978-10-29"
"434","602","1988-01-01","2003-10-05"
"428","603","1966-12-02","1978-10-29"
"427","604","1946-12-16","1950-11-26"
"662","604","1950-11-27","1954-12-12"
"663","605","1990-10-23","2008-10-19"
"420","606","1946-12-16","1950-11-26"
"582","606","1950-11-27","1958-12-03"
"664","606","1932-05-31","1933-04-03"
"664","606","1933-04-28","1933-04-29"
"420","607","1982-10-20","1986-10-21"
"420","607","1996-11-07","1998-09-27"
"428","608","2002-05-01","2008-10-19"
"665","609","1954-12-03","1962-12-06"
"434","610","1990-10-24","2003-10-05"
"422","611","1994-10-15","2002-10-31"
"434","612","1950-11-27","1962-12-06"
"422","613","1998-09-28","2003-10-05"
"666","613","2003-10-06","2003-10-06"
"420","614","1978-10-30","1994-10-14"
"419","615","1946-12-16","1952-08-16"
"434","616","1982-10-20","1986-10-21"
"424","617","1946-12-16","1950-11-26"
"422","618","1963-04-08","1966-12-01"
"488","619","2013-10-07","2013-10-07"
"420","620","1946-12-16","1958-12-03"
"427","621","1946-12-16","1949-11-16"
"420","622","1950-11-27","1966-12-01"
"420","623","1946-12-16","1948-11-28"
"613","624","1970-12-03","1998-09-27"
"420","625","1966-12-02","1970-12-02"
"420","626","1954-12-13","1958-12-03"
"667","626","1950-11-27","1954-12-12"
"427","627","1954-04-17","1954-12-12"
"419","628","1970-12-03","1974-11-11"
"419","628","1986-10-22","1994-10-14"
"531","628","1974-11-12","1978-10-29"
"668","628","1978-10-30","1986-10-21"
"428","629","1950-11-27","1954-12-12"
"434","630","1946-12-16","1950-11-26"
"427","631","1960-07-01","1962-12-06"
"438","631","1974-11-12","1978-10-29"
"669","631","1962-12-07","1974-11-11"
"427","632","1954-12-13","1974-11-11"
"424","633","1946-12-16","1954-12-12"
"424","633","1956-04-11","1958-12-03"
"670","633","1932-05-31","1933-04-03"
"670","633","1933-04-28","1933-04-29"
"671","634","1974-11-12","1990-10-23"
"432","635","1962-12-07","1966-12-01"
"433","635","1966-12-02","1974-11-11"
"672","635","1974-11-12","1986-10-21"
"673","636","1970-12-03","1990-10-23"
"422","637","1950-11-27","1954-12-12"
"422","637","1957-06-05","1958-12-03"
"424","638","1954-12-13","1958-12-03"
"461","638","1950-11-27","1954-12-12"
"674","638","1928-06-21","1932-04-23"
"675","639","2013-10-07","2013-10-07"
"444","640","1974-11-12","2003-10-05"
"560","640","1970-12-03","1974-11-11"
"422","641","1994-10-15","1998-09-27"
"420","642","1946-12-16","1950-11-26"
"419","643","1966-12-02","1978-10-29"
"434","644","1957-10-15","1966-12-01"
"434","645","1986-10-22","2008-10-19"
"434","646","2013-10-07","2013-10-07"
"658","647","1982-10-20","1986-10-21"
"526","648","1950-11-27","1954-12-12"
"676","648","1924-06-03","1928-04-27"
"677","648","1932-05-31","1933-04-03"
"677","648","1933-04-28","1933-04-29"
"424","649","1958-02-10","1958-12-03"
"642","649","1958-12-04","1964-08-16"
"453","650","1990-10-24","1994-10-14"
"419","651","1974-11-12","1986-10-21"
"531","651","1986-10-22","1992-05-22"
"434","652","1962-12-07","1970-12-02"
"422","653","1966-12-02","1970-12-02"
"419","654","1946-12-16","1950-11-26"
"428","655","1950-11-27","1966-12-01"
"419","656","1946-12-16","1949-10-27"
"420","657","1954-12-13","1958-12-03"
"424","658","1966-12-02","1970-12-02"
"475","658","1950-11-27","1966-12-01"
"419","659","1978-10-30","1982-10-19"
"420","660","1991-07-16","1994-10-14"
"420","660","1998-09-28","2008-10-19"
"678","660","1994-10-15","1998-09-27"
"679","661","1994-10-15","2003-10-05"
"427","662","1974-11-12","1998-09-27"
"424","663","1962-12-07","1966-12-01"
"680","664","1978-03-15","1986-10-21"
"681","665","1950-11-27","1966-12-01"
"682","665","1950-11-27","1966-12-01"
"683","665","1966-12-02","1970-12-02"
"575","666","2008-10-20","2008-10-20"
"434","667","1958-12-04","1962-12-06"
"420","668","1946-12-16","1950-11-26"
"684","669","1982-10-20","2003-10-05"
"420","670","2013-10-07","2013-10-07"
"419","671","1918-11-08","1919-01-04"
"419","671","1949-09-28","1950-11-26"
"420","672","1966-12-02","1974-11-11"
"422","673","1950-11-27","1958-12-03"
"420","674","1946-12-16","1950-11-26"
"428","675","1970-12-03","1994-10-14"
"434","676","1949-12-30","1950-11-26"
"634","676","1950-11-27","1958-12-03"
"685","676","1919-01-21","1920-12-31"
"686","676","1928-06-21","1932-04-23"
"418","677","2008-10-20","2008-10-20"
"434","678","1978-06-01","1978-10-29"
"420","679","1990-10-23","1998-09-27"
"434","680","1994-10-19","2008-10-19"
"427","681","1946-12-16","1966-12-01"
"434","682","1953-10-06","1966-12-01"
"419","683","1946-12-16","1950-11-26"
"687","683","1950-11-27","1970-12-02"
"427","684","1953-10-02","1954-12-12"
"424","685","1946-12-16","1950-11-26"
"420","686","1986-10-22","1998-09-25"
"420","686","2003-10-06","2003-10-06"
"445","687","1954-12-13","1958-12-03"
"420","688","2003-10-06","2008-10-19"
"614","688","1990-10-23","2003-10-05"
"614","688","2008-10-20","2013-10-07"
"424","689","1948-12-21","1950-11-26"
"659","690","1978-10-30","1986-10-21"
"688","690","1986-10-22","1998-09-27"
"689","691","1978-10-30","1987-12-31"
"434","692","1986-10-22","1991-07-02"
"420","693","1946-12-16","1949-09-19"
"648","694","1986-10-22","1987-12-14"
"690","695","1998-09-28","2013-10-07"
"646","696","1978-10-30","1998-09-27"
"420","697","1958-12-04","1970-12-02"
"462","698","1974-11-12","1998-09-27"
"687","698","1970-12-03","1974-11-11"
"420","699","1946-12-16","1950-11-26"
"691","699","1920-07-15","1924-04-05"
"692","699","1924-06-03","1933-04-29"
"693","700","1978-10-30","1990-10-23"
"427","701","1982-10-20","1990-10-23"
"427","701","1994-10-15","2003-10-05"
"428","702","1978-10-30","1990-05-03"
"419","703","1954-12-13","1958-12-03"
"419","703","1961-10-10","1962-12-06"
"428","704","1950-11-27","1951-10-19"
"694","705","1932-05-31","1933-04-03"
"695","705","1946-12-16","1958-12-03"
"441","706","2003-10-06","2011-12-14"
"696","706","1998-09-28","2003-10-05"
"420","707","1946-12-16","1950-11-26"
"420","708","1949-10-07","1950-11-26"
"422","709","1986-10-22","1990-10-23"
"420","710","1998-09-28","2008-10-19"
"427","711","1950-11-27","1967-06-17"
"434","712","2008-10-20","2013-10-06"
"697","712","2013-10-07","2013-10-07"
"442","713","1958-12-04","1977-05-26"
"698","714","1974-11-12","2003-10-05"
"420","715","1958-02-13","1974-11-11"
"419","716","1978-11-16","1986-10-21"
"419","716","1990-10-09","1990-10-23"
"420","717","1966-12-02","1974-11-11"
"513","718","1966-12-02","1974-11-11"
"699","718","1974-11-12","1998-09-27"
"434","719","2008-10-20","2013-10-07"
"424","720","1990-10-23","1998-09-27"
"649","720","1998-09-28","2008-04-30"
"420","721","1974-11-12","1982-10-19"
"477","721","1970-12-03","1974-11-11"
"424","722","1978-10-30","1982-10-19"
"424","722","1983-01-01","1985-12-31"
"700","723","1986-10-22","1990-10-23"
"422","724","2008-10-20","2008-10-20"
"420","725","1946-12-16","1950-11-26"
"701","725","1950-11-27","1958-12-03"
"420","726","1982-10-20","1986-10-21"
"420","726","1994-10-15","1998-09-27"
"658","726","1974-11-12","1982-10-19"
"658","726","1986-10-22","1994-10-14"
"419","727","1946-12-16","1950-11-26"
"615","728","1986-10-22","2013-10-07"
"428","729","1998-09-28","2002-04-30"
"702","729","1994-10-15","1998-09-27"
"428","730","2013-10-07","2013-10-07"
"420","731","1994-05-09","1994-10-14"
"703","731","1978-10-30","1990-10-23"
"420","732","1974-11-12","1978-10-29"
"419","733","1950-11-27","1954-12-12"
"704","734","1961-12-19","1970-12-02"
"422","735","1974-11-12","1986-10-21"
"428","736","1990-05-16","1990-10-23"
"428","737","1970-12-03","1994-10-14"
"424","738","1947-07-03","1950-11-26"
"422","739","1954-12-13","1966-12-01"
"424","740","2008-10-20","2008-10-20"
"420","741","2000-05-01","2003-10-05"
"508","741","2003-10-06","2008-10-19"
"422","742","1970-12-03","1974-11-11"
"705","742","1974-11-12","1994-10-14"
"428","743","1994-10-15","2003-10-05"
"701","744","1966-12-02","1970-12-02"
"422","745","1954-12-13","1963-01-20"
"474","745","1950-11-27","1954-12-12"
"428","746","2013-10-07","2013-10-07"
"422","747","1961-12-20","1962-12-06"
"623","748","1990-10-23","2008-10-19"
"434","749","1984-06-02","2008-10-19"
"420","750","1946-12-16","1954-12-12"
"706","750","1954-12-13","1962-12-06"
"434","751","1974-11-12","1994-10-14"
"422","752","1970-12-03","1972-12-07"
"707","752","1962-12-07","1970-12-02"
"424","753","2013-10-07","2013-10-07"
"434","754","2008-10-20","2014-09-30"
"420","755","1965-09-13","1974-11-11"
"422","756","1970-12-03","1986-10-21"
"708","756","1986-10-22","2003-10-05"
"420","757","1982-10-20","1986-10-21"
"427","758","1994-10-15","2003-10-05"
"427","759","2003-10-06","2003-10-06"
"419","760","1994-10-17","2013-10-07"
"463","761","1994-10-17","2013-10-07"
"422","762","1946-12-16","1950-11-26"
"592","762","1950-11-27","1962-12-06"
"420","763","1990-10-23","2008-10-19"
"422","764","1950-11-27","1954-12-12"
"420","765","1974-11-12","1982-10-19"
"420","765","1986-10-22","1994-10-14"
"626","765","1970-12-03","1974-11-11"
"627","765","1982-10-20","1986-10-21"
"709","766","1982-10-20","1990-05-15"
"428","767","1986-10-22","2002-04-30"
"434","768","1950-11-27","1962-12-06"
"710","769","1954-12-13","1958-12-03"
"711","770","1970-12-03","1986-10-21"
"427","771","1982-10-20","1986-10-21"
"428","772","1946-12-16","1950-11-26"
"420","773","2003-10-06","2008-10-19"
"712","773","1990-10-23","2003-10-05"
"698","774","2003-10-06","2003-10-06"
"695","775","1958-12-04","1970-12-02"
"667","776","1954-12-13","1966-12-01"
"713","777","1970-12-03","1994-10-14"
"424","778","1978-10-30","1982-10-19"
"424","778","1990-07-04","2003-10-05"
"424","779","1946-12-16","1950-11-26"
"420","780","2008-10-20","2013-10-07"
"424","781","1946-12-16","1950-11-26"
"690","782","2013-10-07","2013-10-07"
"419","783","1954-12-13","1966-12-01"
"714","784","1978-10-30","1998-09-27"
"422","785","1998-09-28","2003-10-05"
"612","785","2003-10-06","2013-10-07"
"422","786","1946-12-16","1950-11-26"
"715","787","1954-12-13","1958-12-03"
"715","787","1959-01-02","1994-10-14"
"716","788","1962-12-07","1970-12-02"
"434","789","1950-11-27","1953-10-24"
"420","790","1998-09-28","2008-10-19"
"422","791","1996-07-12","2003-10-05"
"717","792","1954-12-13","1958-12-03"
"718","792","1958-12-04","1962-12-06"
"719","792","1962-12-07","1970-12-02"
"428","793","1954-12-13","1962-12-06"
"572","794","1958-12-04","1962-12-06"
"572","794","1965-10-14","1966-12-01"
"427","795","1946-12-16","1950-11-26"
"669","795","1950-11-27","1954-04-17"
"428","796","1946-12-16","1950-11-26"
"720","796","1950-11-27","1958-12-03"
"419","797","2013-10-07","2013-10-07"
"434","798","1954-12-13","1970-12-02"
"721","798","1950-11-27","1954-12-12"
"590","799","1950-11-27","1954-12-12"
"632","800","1978-10-30","1986-10-21"
"434","801","2002-05-01","2003-10-05"
"722","801","2003-10-06","2013-10-07"
"420","802","1958-12-04","1966-12-01"
"422","803","1946-12-16","1950-11-26"
"419","804","2008-10-20","2013-10-07"
"420","805","1986-10-22","1994-10-14"
"420","805","1998-09-28","2008-10-19"
"419","806","1974-11-12","1990-10-23"
"422","807","1970-12-03","1974-11-11"
"424","808","2008-10-20","2013-10-07"
"420","809","1946-12-16","1950-11-26"
"723","809","1928-06-21","1932-04-07"
"420","810","1996-08-01","2008-10-19"
"434","811","1953-10-28","1954-12-12"
"424","812","1994-10-19","2008-10-19"
"427","813","2013-10-07","2013-10-07"
"420","814","1998-09-28","1998-09-28"
"424","815","1950-11-27","1958-12-03"
"420","816","1946-12-16","1950-11-26"
"724","816","1928-06-21","1932-04-07"
"725","816","1932-05-31","1933-04-03"
"725","816","1933-04-28","1933-04-29"
"427","817","1982-06-16","1982-10-19"
"434","818","2008-05-05","2008-10-19"
"420","819","1958-12-04","1968-05-09"
"420","820","2008-10-20","2008-10-20"
"420","821","2003-06-12","2003-10-05"
"424","822","1946-12-16","1950-11-26"
"726","822","1928-06-21","1932-04-07"
"727","822","1950-11-27","1961-08-18"
"420","823","1946-12-16","1950-11-26"
"728","823","1950-11-27","1962-12-06"
"420","824","1998-09-28","2003-10-05"
"424","825","1950-11-27","1954-12-12"
"419","826","1958-12-04","1984-11-01"
"422","827","1946-12-16","1950-11-26"
"707","827","1950-11-27","1958-12-02"
"729","828","1958-12-04","1966-12-01"
"424","829","2004-08-01","2008-10-19"
"434","830","2008-10-20","2008-10-20"
"420","831","2008-10-20","2013-10-07"
"556","832","1982-10-20","1990-10-23"
"424","833","2002-05-01","2008-10-19"
"486","834","1982-10-20","1994-10-14"
"419","835","1965-04-01","1970-12-02"
"730","835","1970-12-03","1974-11-11"
"731","835","1974-11-12","1978-07-23"
"568","836","1974-11-12","1978-10-29"
"732","836","1966-12-02","1974-11-11"
"733","837","1950-11-27","1958-12-03"
"427","838","1998-09-28","2013-10-07"
"424","839","1946-12-16","1950-11-26"
"734","839","1928-06-21","1932-04-07"
"734","839","1932-05-31","1933-04-03"
"420","840","1974-11-12","1978-10-29"
"467","841","1950-11-27","1958-12-03"
"427","842","1946-12-16","1950-11-26"
"472","842","1950-11-27","1954-12-12"
"427","843","1946-12-16","1949-09-01"
"420","844","1958-12-04","1962-12-06"
"434","845","1982-10-20","1994-10-14"
"427","846","1966-12-02","1970-12-02"
"709","846","1974-11-12","1981-11-06"
"735","846","1970-12-03","1974-11-11"
"428","847","1946-12-16","1950-11-26"
"736","848","1994-10-17","1994-10-17"
"419","849","1986-10-22","1990-10-23"
"424","850","1950-11-27","1954-12-12"
"420","851","1978-10-30","1982-10-19"
"420","852","1966-12-02","1970-12-02"
"422","853","1958-12-04","1970-12-02"
"707","853","1970-12-03","1974-09-24"
"428","854","1954-12-13","1962-12-06"
"428","855","1948-03-08","1950-11-26"
"561","855","1950-11-27","1954-12-12"
"422","856","1966-12-02","1970-12-02"
"422","857","1998-09-28","1998-09-28"
"427","858","1950-11-27","1958-12-03"
"427","859","1986-10-22","2008-10-19"
"559","860","2013-10-07","2013-10-07"
"423","861","2008-10-20","2013-10-07"
"454","862","1958-12-04","1965-10-21"
"420","863","2003-10-06","2008-10-19"
"424","864","1953-10-28","1954-12-12"
"551","864","1954-12-13","1965-01-22"
"420","865","1990-10-23","2003-10-05"
"675","865","2003-10-06","2008-10-19"
"733","866","1958-12-04","1974-11-11"
"420","867","2013-10-07","2013-10-07"
"434","868","1962-12-07","1970-12-02"
"428","869","1950-11-27","1954-12-12"
"737","869","1954-12-13","1970-12-02"
"420","870","1970-12-03","1982-10-19"
"574","871","1974-11-12","2003-10-05"
"419","872","1978-08-04","1978-10-29"
"434","873","2013-10-07","2013-10-07"
"420","874","2008-10-20","2013-10-07"
"424","875","1951-05-04","1962-12-06"
"424","875","1964-08-24","1966-12-01"
"424","876","1958-12-04","1962-12-06"
"427","877","1962-12-07","1966-12-01"
"560","877","1966-12-02","1970-12-02"
"424","878","1998-09-28","2002-04-30"
"483","878","1994-10-15","1998-09-27"
"428","879","1954-12-13","1958-12-03"
"738","880","2013-10-07","2013-10-07"
"422","881","1954-12-13","1968-10-20"
"434","882","1957-03-27","1958-12-03"
"424","883","1962-12-07","1966-12-01"
"419","884","1966-12-02","1970-12-02"
"640","885","2003-10-06","2013-10-07"
"419","886","1978-10-30","1990-10-23"
"434","887","1959-06-18","1962-12-06"
"422","888","1950-11-27","1962-12-06"
"434","889","1946-12-16","1950-11-26"
"428","890","1946-12-16","1950-11-26"
"739","891","2013-10-07","2013-10-07"
"419","892","1990-10-24","1998-09-27"
"740","893","1990-10-24","2003-10-05"
"420","894","2008-10-20","2008-10-20"
"434","895","1946-12-16","1950-11-26"
"434","896","1954-08-09","1954-12-12"
"424","897","2013-10-07","2013-10-07"
"419","898","1949-10-03","1954-12-12"
"420","899","2003-10-06","2003-10-06"
"741","900","1970-12-03","2003-10-05"
"419","901","1982-10-20","2003-10-05"
"420","902","1946-12-16","1950-11-26"
"419","903","2008-10-20","2013-10-07"
"428","904","1946-12-16","1950-11-26"
"420","905","1946-12-16","1950-11-26"
"742","905","1932-05-31","1933-04-03"
"420","906","1986-10-22","1990-10-23"
"424","907","2008-10-20","2008-10-20"
"669","908","1954-12-13","1960-06-23"
"424","909","1974-11-12","1977-04-26"
"419","910","1984-11-02","1994-10-14"
"421","911","1970-12-03","1974-11-11"
"427","911","1974-11-12","1994-10-14"
"427","912","2013-10-07","2013-10-07"
"419","913","1970-12-03","1974-11-11"
"639","913","1974-11-12","1990-10-23"
"427","914","1953-10-28","1954-12-12"
"428","915","1962-12-07","1966-12-01"
"434","916","1986-10-22","1990-10-23"
"422","917","1962-12-07","1992-10-06"
"419","918","1970-12-03","1974-11-11"
"424","919","1954-12-13","1956-03-22"
"743","920","1998-09-28","2003-10-05"
"744","920","2003-10-06","2003-10-06"
"419","921","1966-12-02","1970-12-02"
"644","922","1966-12-02","1970-12-02"
"745","922","1962-12-07","1966-12-01"
"422","923","1950-11-27","1954-10-20"
"738","924","1998-09-28","2008-04-30"
"422","925","1996-05-01","1998-09-27"
"746","925","1998-09-28","1998-09-28"
"427","926","1962-12-07","1978-10-29"
"420","927","1996-05-13","2013-10-07"
"420","928","2003-10-06","2013-10-07"
"747","929","1958-12-04","1974-11-11"
"539","930","1958-12-11","1966-12-01"
"420","931","1966-12-02","1970-12-02"
"419","932","1946-12-16","1950-11-26"
"748","933","1958-12-04","1978-10-29"
"422","934","1946-12-16","1950-11-26"
"493","934","1950-11-27","1952-11-19"
"741","935","2003-10-06","2003-10-06"
"420","936","2003-10-06","2009-04-02"
"622","937","1974-11-12","1978-10-29"
"749","937","1954-12-13","1974-11-11"
"428","938","1990-10-23","1994-10-14"
"616","938","1994-10-15","2013-10-07"
"424","939","1958-12-04","1962-12-06"
"434","940","2003-10-06","2008-04-30"
"420","941","2008-10-20","2013-10-07"
"427","942","1961-08-16","1962-12-06"
"506","942","1962-12-07","1974-11-11"
"750","942","1974-11-12","1982-10-19"
"427","943","1946-12-16","1950-03-30"
"427","944","1954-12-13","1962-12-06"
"427","945","1950-11-27","1954-12-12"
"751","946","1990-10-23","1990-10-23"
"420","947","1994-10-15","1998-09-27"
"420","948","1962-12-07","1970-12-02"
"420","948","1972-12-07","1974-11-11"
"419","949","1958-12-04","1962-12-06"
"630","950","1958-12-04","1966-12-01"
"752","950","1966-12-02","1970-12-02"
"419","951","1994-10-15","2003-10-05"
"428","952","1946-12-16","1950-11-26"
"428","953","1990-05-09","1990-10-23"
"420","954","2006-01-01","2008-10-19"
"753","954","2013-10-07","2013-10-07"
"428","955","1998-09-28","2013-10-07"
"754","956","1950-11-27","1966-12-01"
"755","956","1970-12-03","1974-11-11"
"427","957","1986-10-22","1994-10-14"
"420","958","1946-12-16","1950-11-26"
"420","959","1954-12-13","1958-12-03"
"419","960","1946-12-16","1950-11-26"
"756","960","1950-11-27","1966-12-01"
"419","961","2013-10-07","2013-10-07"
"757","962","1970-12-03","1974-04-30"
"428","963","1994-10-19","2005-10-18"
"428","964","1990-10-23","2008-10-19"
"428","965","1950-11-27","1960-08-08"
"531","966","1982-10-20","1994-10-14"
"428","967","1990-10-23","1990-10-23"
"420","968","1978-06-07","1978-10-29"
"427","969","1962-12-07","1974-11-11"
"428","970","1950-06-05","1950-11-26"
"428","971","1958-12-04","1962-12-06"
"529","971","1954-12-13","1958-12-03"
"529","971","1962-12-07","1970-12-02"
"424","972","1966-12-02","1986-10-21"
"420","973","1974-11-12","1990-10-23"
"422","974","1990-10-24","2003-10-05"
"434","975","1946-12-16","1950-11-26"
"442","975","1950-11-27","1957-09-27"
"758","975","1932-05-31","1933-04-29"
"606","976","1978-10-30","2003-10-05"
"419","977","1946-12-16","1950-11-26"
"434","978","1994-10-17","2008-10-19"
"520","979","1990-10-23","2013-10-07"
"420","980","1946-12-16","1950-11-26"
"759","980","1932-12-15","1933-04-03"
"760","980","1950-11-27","1954-12-12"
"697","981","1998-09-28","2013-10-07"
"680","982","1974-11-12","1978-03-14"
"761","982","1970-12-03","1974-11-11"
"420","983","1978-10-30","1982-10-19"
"762","983","1982-10-20","1987-11-10"
"763","984","1950-11-27","1966-12-01"
"764","984","1966-12-02","1974-11-11"
"419","985","2013-10-07","2013-10-07"
"434","986","1946-12-16","1950-11-26"
"419","987","1998-09-28","2002-11-15"
"668","987","1994-10-19","1998-09-27"
"420","988","1998-09-28","2003-10-05"
"420","989","1966-12-02","1970-12-02"
"427","990","1978-10-30","1998-09-27"
"503","991","1966-12-02","1970-12-02"
"419","992","1998-09-28","1998-09-28"
"420","993","1974-11-12","1982-10-19"
"453","993","1982-10-20","1986-10-21"
"464","993","1970-12-03","1974-11-11"
"422","994","2003-10-06","2007-11-07"
"428","995","1970-12-03","1978-10-29"
"420","996","1994-10-15","2000-04-30"
"422","997","1946-12-16","1950-11-26"
"427","998","2008-10-20","2013-10-07"
"765","999","1994-10-18","2011-05-11"
"420","1000","1966-12-02","1974-11-11"
"427","1001","1962-12-07","1974-11-11"
"434","1002","1974-05-06","1982-10-19"
"434","1002","1988-04-28","1990-10-23"
"419","1003","1970-12-03","1986-10-21"
"766","1004","1966-12-02","1972-07-31"
"767","1005","1966-12-02","1978-07-12"
"419","1006","1994-10-15","2003-10-05"
"420","1007","1994-10-15","2003-10-05"
"420","1007","2008-10-20","2013-10-07"
"768","1008","2003-10-06","2003-10-06"
"765","1009","2013-10-07","2013-10-07"
"420","1010","1966-12-02","1974-11-11"
"420","1010","1982-10-20","1986-10-21"
"636","1010","1974-11-12","1982-10-19"
"636","1010","1986-10-22","1994-10-14"
"428","1011","1946-12-16","1950-11-26"
"419","1012","1986-10-22","1994-10-14"
"585","1013","2003-10-06","2007-01-17"
"434","1014","1966-12-02","1970-12-02"
"434","1014","1972-09-28","1974-11-11"
"768","1015","1994-10-15","2003-10-05"
"420","1016","1966-08-22","1966-12-01"
"419","1017","1950-11-27","1958-12-03"
"663","1018","2008-10-20","2008-10-20"
"424","1019","1950-11-27","1954-12-12"
"424","1019","1962-12-07","1966-12-01"
"452","1019","1958-12-04","1962-12-06"
"420","1020","1986-10-22","2003-10-05"
"422","1021","1974-11-12","1994-10-14"
"419","1022","1986-10-22","2003-10-05"
"420","1023","2013-10-07","2013-10-07"
"769","1024","1950-11-27","1970-12-02"
"419","1025","2002-05-02","2002-05-02"
"419","1026","1965-11-15","1966-12-01"
"770","1027","2013-10-07","2013-10-07"
"420","1028","1970-12-03","1978-10-29"
"420","1029","1946-12-16","1950-11-26"
"489","1030","2013-10-07","2013-10-07"
"633","1031","1990-10-24","2003-10-05"
"434","1032","1950-11-27","1954-12-12"
"443","1032","1954-12-13","1966-12-01"
"420","1033","1982-10-20","2003-10-05"
"428","1034","2008-10-20","2014-04-30"
"753","1035","2003-10-06","2013-10-07"
"434","1036","1946-12-16","1948-09-18"
"422","1037","1947-09-22","1948-01-27"
"422","1037","1950-04-01","1950-11-26"
"420","1038","1946-12-16","1950-11-26"
"766","1038","1958-12-04","1962-12-06"
"434","1039","1962-12-07","1966-12-01"
"419","1040","1954-12-13","1970-12-02"
"639","1040","1970-12-03","1978-10-29"
"424","1041","1972-12-07","1974-11-11"
"424","1041","1978-05-05","1978-10-29"
"464","1042","1966-12-02","1972-12-07"
"771","1043","2013-10-07","2013-10-07"
"434","1044","1948-10-11","1950-11-26"
"457","1045","1974-11-12","1990-10-23"
"420","1046","1970-12-03","1974-11-11"
"772","1046","1974-11-12","1989-06-22"
"419","1047","1950-11-27","1954-12-12"
"428","1048","1949-03-21","1950-11-26"
"424","1049","1958-12-04","1962-12-06"
"428","1050","1946-12-16","1950-11-26"
"420","1051","1994-10-15","1998-09-27"
"420","1052","1946-12-16","1950-11-26"
"420","1053","1950-11-27","1958-12-03"
"420","1054","1974-11-12","1992-12-31"
"535","1055","2013-10-07","2013-10-07"
"420","1056","1978-10-30","1994-10-14"
"495","1057","1978-10-30","1980-01-23"
"773","1057","1966-12-02","1978-10-29"
"748","1058","1950-11-27","1954-12-12"
"427","1059","1946-12-16","1950-11-26"
"716","1059","1950-11-27","1961-08-05"
"774","1060","2008-10-20","2008-10-20"
"420","1061","1962-12-07","1970-12-02"
"467","1061","1958-12-04","1962-12-06"
"467","1061","1970-12-03","1978-10-29"
"775","1061","1978-10-30","1986-10-21"
"419","1062","1953-02-06","1954-12-12"
"730","1062","1954-12-13","1970-12-02"
"420","1063","1946-12-16","1950-11-26"
"776","1063","1928-06-21","1932-04-07"
"776","1063","1932-05-31","1933-04-03"
"546","1064","1970-12-03","1974-11-11"
"777","1064","1974-11-12","1994-10-14"
"760","1065","1950-11-27","1954-12-12"
"778","1066","2003-10-06","2003-10-06"
"420","1067","2013-10-07","2013-10-07"
"779","1068","1998-09-28","1998-09-28"
"428","1069","1946-12-16","1947-06-12"
"428","1069","1954-12-13","1970-12-02"
"749","1069","1950-11-27","1954-12-12"
"427","1070","1978-10-30","1982-10-19"
"579","1071","1966-12-02","1970-12-02"
"422","1072","1950-11-27","1958-12-03"
"434","1073","2003-01-07","2003-10-05"
"419","1074","1998-07-20","1998-09-27"
"419","1074","2002-05-01","2003-10-05"
"770","1075","1986-10-22","2013-10-07"
"427","1076","1950-11-27","1958-12-03"
"434","1077","1950-11-27","1954-12-12"
"780","1077","1954-12-13","1970-12-02"
"427","1078","1954-12-13","1978-10-29"
"419","1079","1974-11-12","1978-10-29"
"531","1079","1978-10-30","1982-10-19"
"781","1079","1966-12-02","1974-11-11"
"419","1080","1982-10-20","1994-10-14"
"420","1081","2003-10-06","2003-10-06"
"782","1082","1958-12-04","1974-11-11"
"419","1083","1958-12-04","1962-12-06"
"420","1084","1994-10-17","1998-09-27"
"678","1084","1998-09-28","1998-09-28"
"427","1085","1990-10-24","1994-10-14"
"427","1086","1966-12-02","1970-12-02"
"716","1086","1970-12-03","1974-11-11"
"783","1086","1974-11-12","1978-10-29"
"434","1087","1978-01-27","1978-10-29"
"545","1088","1974-11-07","2008-10-19"
"434","1089","1997-08-01","2013-05-03"
"420","1090","2008-10-20","2008-10-20"
"419","1091","1998-09-28","2013-10-07"
"481","1092","1998-09-28","2008-10-19"
"427","1093","1950-11-27","1962-12-06"
"427","1094","1976-10-26","1976-10-26"
"420","1095","2009-04-03","2009-04-03"
"422","1096","1958-12-04","1974-05-06"
"434","1097","1946-12-16","1950-11-26"
"578","1097","1950-11-27","1951-05-10"
"784","1097","1912-02-27","1918-12-31"
"785","1097","1919-01-21","1920-06-02"
"786","1097","1920-07-15","1924-04-05"
"787","1097","1924-06-03","1933-04-29"
"420","1098","1982-10-20","2003-10-05"
"728","1099","1958-12-04","1966-12-01"
"788","1099","1966-12-02","1974-11-11"
"434","1100","1966-12-02","1974-11-11"
"445","1101","1950-11-27","1954-12-12"
"428","1102","1946-12-16","1949-03-12"
"434","1103","1994-10-15","1998-09-27"
"422","1104","1992-10-07","2013-10-07"
"420","1105","1968-05-14","1970-12-02"
"420","1105","1982-10-20","1986-10-21"
"789","1105","1970-12-03","1982-10-19"
"789","1105","1986-10-22","1994-10-14"
"424","1106","2013-10-07","2013-10-07"
"420","1107","1962-12-07","1970-12-02"
"557","1108","2013-10-07","2013-10-07"
"420","1109","1998-09-28","2002-04-30"
"422","1110","1958-12-03","1962-12-06"
"422","1110","1963-01-28","1966-12-01"
"422","1111","1974-05-10","1990-10-23"
"420","1112","1950-11-27","1954-12-12"
"434","1113","1961-10-25","1962-12-06"
"621","1114","1994-10-14","2013-10-07"
"424","1115","1958-12-04","1970-12-02"
"790","1116","2003-10-06","2008-10-19"
"791","1116","2013-10-07","2013-10-07"
"420","1117","1946-12-16","1950-11-26"
"420","1118","1946-12-16","1950-11-26"
"427","1119","1918-11-08","1919-01-04"
"427","1119","1946-12-16","1950-11-26"
"427","1119","1954-12-13","1962-12-06"
"560","1119","1950-11-27","1954-12-12"
"792","1119","1920-07-15","1924-04-05"
"427","1120","2003-10-06","2008-10-19"
"793","1120","1990-10-23","2003-10-05"
"423","1121","1974-11-07","1994-10-14"
"431","1121","2003-10-06","2008-10-19"
"794","1121","1994-10-15","2003-10-05"
"434","1122","1960-12-20","1962-12-06"
"424","1123","1946-12-16","1950-11-26"
"434","1124","1986-10-22","2003-10-05"
"419","1125","1946-12-16","1947-04-03"
"419","1125","1949-03-23","1950-11-26"
"795","1125","1919-01-21","1920-12-31"
"796","1126","2013-10-07","2013-10-07"
"420","1127","1961-11-06","1966-06-27"
"420","1128","1978-10-30","1988-10-03"
"434","1129","1982-10-20","1986-10-21"
"797","1129","1986-10-22","2003-10-05"
"798","1129","2003-10-06","2013-10-07"
"420","1130","2008-10-20","2008-10-20"
"667","1131","1966-12-02","1974-11-11"
"766","1131","1962-12-07","1966-12-01"
"799","1131","1974-11-12","1994-10-14"
"800","1132","1950-11-27","1966-12-01"
"422","1133","1946-12-16","1950-11-26"
"801","1133","1928-06-21","1932-04-23"
"802","1133","1932-05-31","1933-12-31"
"742","1134","1932-05-31","1933-04-03"
"766","1134","1950-11-27","1957-04-29"
"428","1135","2005-10-19","2005-10-19"
"434","1136","1950-11-27","1958-12-03"
"434","1136","1972-12-07","1974-11-11"
"434","1137","1954-12-13","1961-10-24"
"434","1138","2003-10-06","2003-10-06"
"428","1139","1950-11-27","1954-12-12"
"419","1140","2003-10-06","2008-10-19"
"419","1140","2011-12-05","2013-10-06"
"462","1140","2013-10-07","2013-10-07"
"703","1141","1958-12-04","1974-11-11"
"428","1142","1994-10-15","1998-09-27"
"422","1143","1950-11-27","1957-06-03"
"419","1144","1980-01-24","1982-10-19"
"419","1145","1946-12-16","1958-12-09"
"803","1146","2003-10-06","2008-10-19"
"803","1146","2013-10-07","2013-10-07"
"422","1147","1946-12-16","1950-11-26"
"419","1148","2013-10-07","2013-10-07"
"420","1149","1948-03-12","1950-11-26"
"428","1150","1958-12-04","1966-12-01"
"428","1150","1969-07-31","1970-12-02"
"434","1151","1966-12-02","1974-11-11"
"804","1152","1994-10-15","1994-10-15"
"422","1153","1946-12-16","1949-12-31"
"805","1153","1928-06-21","1932-04-07"
"420","1154","1970-12-03","1974-11-11"
"420","1154","1978-10-30","1986-10-21"
"420","1154","1990-10-24","1991-11-29"
"806","1154","1974-11-12","1978-10-29"
"806","1154","1986-10-22","1990-10-23"
"419","1155","2013-10-07","2013-10-07"
"649","1156","2008-10-20","2008-10-20"
"807","1157","1970-12-03","1986-10-21"
"420","1158","1998-09-28","2003-10-05"
"420","1158","2008-10-20","2013-10-07"
"424","1159","1946-12-16","1950-11-26"
"420","1160","2008-10-20","2013-10-07"
"420","1161","1954-12-13","1958-12-03"
"748","1161","1950-11-27","1954-12-12"
"434","1162","1950-11-27","1954-12-12"
"580","1163","1950-11-27","1958-12-03"
"774","1164","1994-10-17","2008-10-19"
"427","1165","2003-10-06","2013-10-07"
"722","1166","2013-10-07","2013-10-07"
"424","1167","1986-10-22","1991-08-08"
"458","1168","1986-10-22","2008-10-19"
"798","1169","2013-10-07","2013-10-07"
"424","1170","1946-12-16","1950-11-26"
"424","1171","1946-12-16","1950-11-26"
"422","1172","1949-10-06","1950-11-26"
"782","1172","1928-06-21","1932-04-23"
"808","1172","1919-01-21","1920-12-31"
"809","1172","1920-07-15","1924-04-04"
"434","1173","1950-11-27","1956-11-06"
"420","1174","1954-12-13","1962-12-06"
"810","1174","1962-12-07","1966-12-01"
"811","1175","1994-10-18","1994-10-18"
"812","1176","1986-10-22","1990-05-15"
"420","1177","1954-12-13","1958-12-03"
"428","1178","2008-10-20","2008-10-20"
"434","1179","1946-12-16","1950-11-26"
"813","1180","1954-12-13","1970-12-02"
"420","1181","1998-09-28","2008-10-19"
"422","1182","1954-12-13","1966-12-01"
"537","1183","2013-10-07","2013-10-07"
"419","1184","1998-09-28","2008-10-19"
"814","1185","1974-11-12","1988-04-28"
"419","1186","1990-10-24","2003-10-05"
"424","1187","1946-12-16","1950-11-26"
"434","1188","1947-07-16","1948-10-06"
"455","1189","1950-11-27","1954-12-12"
"420","1190","1998-09-28","2008-10-19"
"695","1191","1970-12-03","1998-09-27"
"419","1192","1958-12-04","1974-11-11"
"815","1192","1974-11-12","1994-10-14"
"472","1193","1958-12-04","1972-10-10"
"422","1194","1966-12-02","1974-11-11"
"434","1195","1962-12-07","1966-12-01"
"434","1195","1970-12-03","1978-10-29"
"522","1196","1970-12-03","1978-07-12"
"428","1197","1962-12-07","1970-12-02"
"529","1197","1970-12-03","1974-11-11"
"420","1198","1954-12-13","1958-12-03"
"428","1199","1990-10-23","2008-10-19"
"428","1200","1950-11-27","1954-12-12"
"614","1201","2013-10-07","2013-10-07"
"424","1202","1949-07-25","1950-11-26"
"568","1203","1986-10-22","1998-09-27"
"420","1204","1974-11-12","1990-10-23"
"422","1205","1962-12-07","1970-12-02"
"424","1206","1998-09-28","2008-10-19"
"650","1206","2013-10-07","2013-10-07"
"424","1207","1966-12-02","1970-12-02"
"424","1207","1972-09-27","1974-11-11"
"424","1208","2002-05-01","2004-07-31"
"420","1209","1986-10-22","1990-10-23"
"789","1209","1982-10-20","1986-10-21"
"420","1210","1954-12-13","1958-12-03"
"429","1210","1950-11-27","1954-12-12"
"434","1211","1958-12-04","1966-12-01"
"428","1212","1966-12-02","1974-11-11"
"420","1213","2002-05-01","2008-10-19"
"740","1214","2003-10-06","2003-10-06"
"424","1215","1946-12-16","1950-11-26"
"428","1216","1966-12-02","1970-12-02"
"428","1217","1950-11-27","1954-12-12"
"427","1218","1946-12-16","1950-11-26"
"419","1219","2003-10-06","2003-10-06"
"420","1220","1958-12-04","1970-12-02"
"424","1221","2003-10-06","2008-10-19"
"420","1222","1958-12-04","1966-12-01"
"703","1222","1950-11-27","1958-12-03"
"434","1223","1953-03-16","1954-12-12"
"571","1223","1954-12-13","1957-10-11"
"420","1224","1969-12-19","1970-12-02"
"424","1225","1946-12-16","1950-11-26"
"420","1226","1946-12-16","1950-11-26"
"464","1227","1950-11-27","1974-11-11"
"428","1228","1986-10-22","1990-10-23"
"427","1229","2003-10-06","2008-10-19"
"537","1229","2008-10-20","2013-10-07"
"420","1230","1950-11-27","1954-12-12"
"610","1231","1966-12-02","1970-12-02"
"424","1232","1974-11-12","1978-04-25"
"813","1232","1970-12-03","1974-11-11"
"436","1233","1978-10-28","2013-10-07"
"816","1234","1966-12-02","1974-11-11"
"739","1235","1986-10-22","2008-10-19"
"422","1236","1966-12-02","1970-12-02"
"422","1236","1972-12-07","1974-11-11"
"817","1237","1962-12-07","1994-10-14"
"420","1238","1986-07-30","1986-10-21"
"434","1239","2008-10-20","2008-10-20"
"491","1240","1990-10-24","1994-10-14"
"420","1241","1977-06-07","1978-10-29"
"564","1241","1978-10-30","1990-10-23"
"561","1242","1954-12-13","1966-12-01"
"420","1243","1998-09-28","2013-10-07"
"434","1244","1978-10-30","1986-10-21"
"424","1245","1991-08-09","1991-08-09"
"434","1246","1970-12-03","1972-12-07"
"420","1247","1962-12-07","1966-12-01"
"420","1247","1974-11-12","1978-10-29"
"464","1247","1966-12-02","1970-12-02"
"818","1247","1970-12-03","1974-11-11"
"819","1248","2013-10-07","2013-10-07"
"424","1249","2008-10-20","2008-10-20"
"583","1250","1986-10-22","1990-10-23"
"733","1250","1970-12-03","1986-10-21"
"420","1251","1962-12-07","1966-12-01"
"427","1252","1967-06-21","1974-11-11"
"714","1252","1974-11-12","1978-10-29"
"595","1253","1974-11-07","2005-12-31"
"428","1254","2008-10-20","2008-10-20"
"424","1255","1946-12-16","1950-11-26"
"655","1256","1962-12-07","1970-12-02"
"420","1257","1970-12-03","1974-11-11"
"420","1257","1982-10-20","1986-10-21"
"820","1257","1974-11-12","1982-10-19"
"821","1257","1986-10-22","2003-10-05"
"654","1258","1970-12-03","1994-10-14"
"420","1259","2008-10-20","2013-10-07"
"582","1260","1958-12-04","1970-12-02"
"420","1261","1946-12-16","1950-11-26"
"717","1261","1954-12-13","1958-12-03"
"822","1261","1950-11-27","1954-12-12"
"420","1262","1987-07-02","1990-10-23"
"420","1263","1954-12-13","1961-10-31"
"428","1264","1956-01-13","1958-12-03"
"428","1265","1946-12-16","1950-11-26"
"419","1266","1966-12-02","1970-12-02"
"756","1266","1970-12-03","1974-11-11"
"424","1267","1962-12-07","1974-11-11"
"424","1267","1977-05-10","1978-10-29"
"823","1268","1990-10-23","2003-10-05"
"824","1268","2003-10-06","2003-10-06"
"427","1269","2003-10-06","2008-10-19"
"643","1269","2008-10-20","2008-10-20"
"434","1270","1970-12-03","1994-10-14"
"420","1271","1954-12-13","1955-06-23"
"420","1271","1955-11-25","1962-10-10"
"422","1272","1946-12-16","1950-11-26"
"825","1272","1950-11-27","1951-08-17"
"420","1273","2013-10-07","2013-10-07"
"424","1274","1946-12-16","1950-11-26"
"434","1275","2013-10-07","2013-10-07"
"424","1276","1946-12-16","1962-12-06"
"422","1277","1950-11-27","1954-12-12"
"428","1278","1974-11-12","1990-10-23"
"434","1279","1970-12-03","1971-12-14"
"424","1280","1954-12-13","1966-12-01"
"422","1281","2003-10-06","2008-10-19"
"666","1281","1998-09-28","2003-10-05"
"427","1282","1946-12-16","1950-11-26"
"819","1283","2003-10-06","2011-12-04"
"427","1284","1949-07-08","1950-11-26"
"498","1284","1950-11-27","1970-12-02"
"420","1285","2003-10-06","2013-10-07"
"826","1285","1998-09-28","2003-10-05"
"420","1286","1986-10-22","1990-10-23"
"424","1287","1961-08-23","1966-12-01"
"558","1287","1966-12-02","1978-10-29"
"420","1288","1950-11-27","1962-12-06"
"503","1289","1968-10-24","1990-10-23"
"424","1290","1982-10-20","1994-10-14"
"434","1291","1974-11-12","1990-10-23"
"420","1292","2008-10-20","2008-10-20"
"422","1293","2002-11-08","2003-10-05"
"827","1294","1962-12-07","1970-12-02"
"419","1295","1950-11-27","1962-12-06"
"753","1296","1974-11-12","1978-07-12"
"753","1296","1990-10-24","2003-10-05"
"420","1297","1946-12-16","1970-12-02"
"420","1298","2008-10-20","2013-10-07"
"420","1299","1970-12-03","1978-05-30"
"572","1299","1962-12-07","1970-12-02"
"422","1300","1954-10-22","1954-12-12"
"479","1301","2003-10-06","2008-10-19"
"828","1301","1978-10-28","2003-10-05"
"427","1302","1946-12-16","1949-06-10"
"601","1303","1966-12-02","1974-11-11"
"829","1303","1974-11-12","1986-10-21"
"434","1304","2003-10-06","2008-10-19"
"830","1304","1978-10-28","2003-10-05"
"424","1305","2003-10-06","2008-10-19"
"518","1305","2008-10-20","2008-10-20"
"434","1306","1994-10-17","2008-10-19"
"420","1307","1966-12-02","1970-12-02"
"831","1307","1970-12-03","1990-10-23"
"434","1308","1948-09-30","1949-12-27"
"419","1309","1954-12-13","1956-06-23"
"420","1310","1955-06-24","1955-11-25"
"420","1311","2013-10-07","2013-10-07"
"428","1312","1986-10-22","1990-10-23"
"622","1312","1978-10-30","1986-10-21"
"420","1313","1958-12-04","1966-12-01"
"422","1313","1946-12-16","1950-11-26"
"782","1313","1950-11-27","1958-12-03"
"434","1314","1946-12-16","1950-11-26"
"767","1314","1950-11-27","1966-12-01"
"434","1315","1950-11-27","1951-01-29"
"832","1315","1928-06-21","1932-04-07"
"460","1316","1994-10-18","2013-10-07"
"532","1317","1954-12-13","1974-11-11"
"428","1318","1946-12-16","1950-11-26"
"420","1319","1946-12-16","1948-03-05"
"424","1320","1950-11-27","1951-05-02"
"420","1321","1962-12-07","1965-10-08"
"420","1322","2013-10-07","2013-10-07"
"833","1323","1950-11-27","1954-12-12"
"420","1324","1986-10-22","1996-11-05"
"820","1324","1982-10-20","1986-10-21"
"422","1325","1970-12-03","1974-11-11"
"834","1325","1974-11-12","1982-10-19"
"427","1326","1994-10-15","2003-10-05"
"427","1327","1970-12-03","1986-10-21"
