"p_id","a_id","von","bis"
"28","2","2003-10-06","2013-10-07"
"28","50","1986-10-22","1990-10-14"
"28","50","2003-10-06","2003-10-06"
"28","110","1990-10-24","1994-10-14"
"28","118","1986-10-22","1990-10-23"
"28","126","2013-10-07","2013-10-07"
"28","134","1990-10-24","1996-05-10"
"28","134","2008-10-20","2010-08-18"
"28","180","1998-09-28","1998-09-28"
"28","212","2013-05-14","2013-10-07"
"28","256","1990-10-24","1997-09-14"
"28","260","2010-08-25","2013-10-07"
"28","297","2013-10-07","2013-10-07"
"28","309","2008-10-20","2008-10-20"
"28","332","1998-09-28","1998-09-28"
"28","390","2003-10-06","2013-10-07"
"28","398","1994-10-15","1999-12-18"
"28","402","2008-10-20","2008-10-20"
"28","409","1986-10-22","1987-06-25"
"28","529","2003-10-06","2003-10-06"
"28","530","1986-10-22","1997-07-31"
"28","542","1990-10-24","2003-10-05"
"28","547","1986-10-22","1990-10-23"
"28","610","1990-10-24","2003-10-05"
"28","641","1994-10-15","1998-09-27"
"28","646","2013-10-07","2013-10-07"
"28","679","1990-10-23","1998-09-27"
"28","686","1986-10-22","1998-09-25"
"28","686","2003-10-06","2003-10-06"
"28","709","1986-10-22","1990-10-23"
"28","730","2013-10-07","2013-10-07"
"28","758","1994-10-15","2003-10-05"
"28","759","2003-10-06","2003-10-06"
"28","797","2013-10-07","2013-10-07"
"28","805","1986-10-22","1994-10-14"
"28","805","1998-09-28","2008-10-19"
"28","849","1986-10-22","1990-10-23"
"28","892","1990-10-24","1998-09-27"
"28","906","1986-10-22","1990-10-23"
"28","916","1986-10-22","1990-10-23"
"28","927","1996-05-13","2013-10-07"
"28","936","2003-10-06","2009-04-02"
"28","951","1994-10-15","2003-10-05"
"28","955","1998-09-28","2013-10-07"
"28","957","1986-10-22","1994-10-14"
"28","1007","1994-10-15","2003-10-05"
"28","1007","2008-10-20","2013-10-07"
"28","1012","1986-10-22","1994-10-14"
"28","1023","2013-10-07","2013-10-07"
"28","1067","2013-10-07","2013-10-07"
"28","1089","1997-08-01","2013-05-03"
"28","1091","1998-09-28","2013-10-07"
"28","1095","2009-04-03","2009-04-03"
"28","1106","2013-10-07","2013-10-07"
"28","1142","1994-10-15","1998-09-27"
"28","1148","2013-10-07","2013-10-07"
"28","1158","1998-09-28","2003-10-05"
"28","1158","2008-10-20","2013-10-07"
"28","1165","2003-10-06","2013-10-07"
"28","1228","1986-10-22","1990-10-23"
"28","1262","1987-07-02","1990-10-23"
"28","1286","1986-10-22","1990-10-23"
"29","1","1994-10-17","2008-10-19"
"29","4","1966-12-02","1970-12-02"
"29","7","1994-10-15","1998-09-27"
"29","7","2013-10-07","2013-10-07"
"29","11","1946-12-16","1949-11-30"
"29","12","1972-10-10","1974-11-11"
"29","13","1946-12-16","1950-11-26"
"29","14","1946-12-16","1948-12-12"
"29","15","1946-12-16","1966-12-01"
"29","17","1958-12-04","1969-07-29"
"29","19","1970-12-03","1994-10-14"
"29","20","1986-01-03","1986-10-21"
"29","22","2003-10-06","2008-04-30"
"29","23","2008-10-20","2008-10-20"
"29","24","1946-12-16","1962-12-06"
"29","25","1970-12-03","1982-10-19"
"29","27","1950-11-27","1966-12-01"
"29","28","1958-12-04","1966-12-01"
"29","33","1962-12-07","1974-11-11"
"29","35","2013-10-07","2013-10-07"
"29","37","1974-11-12","1994-10-14"
"29","38","1970-09-16","1970-12-02"
"29","41","1978-10-30","1990-10-23"
"29","42","1946-12-16","1954-12-12"
"29","44","1946-12-16","1948-01-26"
"29","45","2013-10-07","2013-10-07"
"29","47","1950-11-27","1954-12-12"
"29","49","2008-10-20","2008-10-20"
"29","53","1996-05-02","1998-09-27"
"29","55","1970-12-03","2003-10-05"
"29","57","1974-11-07","2013-10-07"
"29","61","2013-10-07","2013-10-07"
"29","64","1946-12-16","1950-11-26"
"29","65","1946-12-16","1950-11-26"
"29","65","1954-12-13","1958-02-09"
"29","66","1970-12-03","1994-10-14"
"29","67","1990-10-24","1990-10-24"
"29","72","1946-12-16","1950-11-26"
"29","72","1954-12-13","1958-02-04"
"29","73","1974-11-12","1990-10-23"
"29","74","2003-10-06","2013-10-07"
"29","78","1954-12-13","1970-12-02"
"29","82","1990-10-24","1996-04-30"
"29","84","2008-10-20","2008-10-20"
"29","85","1990-05-16","2003-10-05"
"29","87","1994-10-17","1994-10-17"
"29","92","1946-12-16","1950-11-26"
"29","94","2013-10-07","2013-10-07"
"29","96","1990-10-24","1994-10-14"
"29","97","1946-12-16","1950-11-26"
"29","97","1954-12-13","1966-12-01"
"29","99","1970-12-03","1974-12-27"
"29","100","1980-08-26","1994-10-14"
"29","101","1992-05-27","2013-10-07"
"29","102","2007-01-23","2007-01-23"
"29","104","1982-10-20","2003-10-05"
"29","105","1950-01-01","1950-11-26"
"29","108","1994-10-19","1994-10-19"
"29","111","2013-10-07","2013-10-07"
"29","114","1962-12-07","1978-10-29"
"29","117","1970-12-03","1974-11-11"
"29","122","1974-11-12","2003-10-05"
"29","124","1974-11-12","1976-10-26"
"29","125","1946-12-16","1949-06-29"
"29","127","1946-12-16","1950-11-26"
"29","128","1990-10-23","2008-10-19"
"29","131","1982-10-20","1990-05-15"
"29","132","1966-12-02","1969-12-18"
"29","133","1970-12-03","1990-10-23"
"29","141","1966-12-02","1970-12-02"
"29","143","1958-12-04","1970-12-02"
"29","144","1946-12-16","1948-02-29"
"29","146","1990-10-23","2008-10-19"
"29","147","1950-11-27","1953-10-23"
"29","148","2008-10-20","2008-10-20"
"29","149","1962-12-07","1994-10-14"
"29","150","1966-12-02","1994-10-14"
"29","152","1946-12-16","1950-11-26"
"29","153","1974-11-12","1978-05-02"
"29","154","1970-12-03","1982-10-19"
"29","155","1986-10-22","2003-10-05"
"29","158","1974-11-12","1990-10-23"
"29","159","1994-10-17","2013-10-07"
"29","161","1990-10-23","2013-10-07"
"29","162","1974-11-12","1982-10-19"
"29","163","1946-12-16","1958-12-03"
"29","164","2012-04-03","2012-04-03"
"29","168","1970-12-03","1978-10-29"
"29","172","1974-11-12","1990-10-23"
"29","176","2003-10-06","2008-04-30"
"29","178","2013-10-07","2013-10-07"
"29","179","1970-12-03","1982-06-11"
"29","181","1950-11-27","1974-11-11"
"29","184","1998-09-28","1998-09-28"
"29","187","1990-10-23","2013-10-07"
"29","188","1946-12-16","1954-12-12"
"29","189","1982-10-20","1990-10-23"
"29","190","1946-12-16","1950-11-26"
"29","192","1946-12-16","1966-12-01"
"29","193","1958-12-04","1961-10-09"
"29","194","1954-12-13","1966-12-01"
"29","195","1946-12-16","1962-12-06"
"29","197","2013-10-07","2013-10-07"
"29","198","1954-07-29","1987-08-31"
"29","199","2003-10-06","2003-10-06"
"29","200","2007-11-12","2008-10-19"
"29","201","1950-11-27","1966-12-01"
"29","203","1946-12-16","1950-11-26"
"29","206","1986-10-22","1996-07-31"
"29","207","1958-12-04","1966-12-01"
"29","210","1949-07-05","1950-11-26"
"29","211","1990-10-24","2002-04-30"
"29","218","1996-04-01","2008-10-19"
"29","220","1946-12-16","1966-12-01"
"29","221","1978-10-28","2008-10-19"
"29","222","2013-10-07","2013-10-07"
"29","224","2011-05-17","2012-04-02"
"29","227","1978-10-30","1994-10-14"
"29","229","1946-12-16","1950-11-26"
"29","231","1998-09-28","2008-10-19"
"29","235","1966-12-02","1990-10-23"
"29","236","1970-12-03","1994-10-14"
"29","239","1977-06-03","1978-10-29"
"29","239","1979-01-17","1994-10-14"
"29","240","1994-10-17","2008-10-19"
"29","241","1954-12-13","1974-11-11"
"29","242","1954-12-13","1974-11-11"
"29","243","2002-11-04","2003-10-05"
"29","243","2008-05-01","2008-10-19"
"29","247","1984-07-19","1998-09-27"
"29","248","1990-10-23","2008-10-19"
"29","249","1946-12-16","1950-11-26"
"29","250","1950-11-27","1954-12-12"
"29","250","1958-12-04","1962-12-06"
"29","251","1962-12-07","1990-10-23"
"29","255","1978-07-12","1978-10-29"
"29","257","2013-10-07","2013-10-07"
"29","258","1975-01-08","1978-10-29"
"29","258","1983-05-24","1986-10-21"
"29","258","1989-06-26","1990-10-23"
"29","264","1970-12-03","1982-10-19"
"29","265","1950-11-27","1978-10-29"
"29","268","2011-12-15","2011-12-15"
"29","270","1982-10-20","2003-10-05"
"29","271","1998-09-28","2008-10-19"
"29","272","1974-11-12","1996-04-30"
"29","273","1966-12-02","1970-12-02"
"29","274","1950-11-27","1965-03-27"
"29","275","1982-10-20","1982-10-20"
"29","277","1946-12-16","1970-12-02"
"29","279","2008-05-05","2008-10-19"
"29","280","1974-11-12","1978-10-29"
"29","282","1965-10-21","1966-12-01"
"29","284","1962-12-07","1970-12-02"
"29","286","1966-12-02","1969-12-03"
"29","290","2008-10-20","2008-10-20"
"29","291","1954-12-13","1962-12-06"
"29","293","1986-10-22","2008-10-19"
"29","294","1954-12-13","1970-12-02"
"29","295","1965-01-27","1966-12-01"
"29","301","1970-12-03","1986-10-21"
"29","303","1990-10-24","2002-10-31"
"29","304","1966-07-06","1966-12-01"
"29","304","1969-12-10","1974-11-11"
"29","305","1952-11-30","1959-06-14"
"29","308","1946-12-16","1950-11-26"
"29","311","1950-11-27","1953-10-27"
"29","312","1981-11-17","1986-10-21"
"29","316","1970-12-03","1986-10-21"
"29","318","2013-10-07","2013-10-07"
"29","320","1966-12-02","1982-10-19"
"29","323","2013-10-07","2013-10-07"
"29","326","1970-11-23","2008-10-19"
"29","327","1970-12-03","1998-09-27"
"29","328","2003-10-06","2013-10-07"
"29","330","1954-12-13","1978-10-29"
"29","331","1974-11-07","1974-11-07"
"29","334","1978-07-12","1978-10-29"
"29","335","1987-11-11","1990-10-23"
"29","335","1991-12-05","1998-09-27"
"29","336","1990-10-23","2002-04-30"
"29","339","2003-10-06","2013-10-07"
"29","340","1974-10-03","1974-11-11"
"29","341","1978-10-30","1986-10-21"
"29","342","1950-11-27","1962-12-06"
"29","343","1958-12-04","1965-09-08"
"29","344","1946-12-16","1952-10-23"
"29","346","1978-10-30","1998-09-27"
"29","349","1970-12-03","1994-10-14"
"29","351","1946-12-16","1950-11-26"
"29","352","1994-10-15","2002-06-19"
"29","355","1998-09-28","2008-10-19"
"29","359","1998-09-28","1998-09-28"
"29","361","1994-10-15","2002-10-31"
"29","362","1974-11-12","1983-10-31"
"29","363","1998-09-28","2013-10-07"
"29","364","1950-11-27","1953-02-22"
"29","365","2002-11-01","2008-10-19"
"29","371","1974-11-12","1994-10-14"
"29","373","1978-10-30","1983-05-15"
"29","374","1949-09-18","1950-11-26"
"29","381","2003-10-06","2003-10-06"
"29","382","1998-09-28","2008-10-19"
"29","385","1946-12-16","1949-10-07"
"29","387","1951-06-17","1969-09-04"
"29","388","2008-05-01","2008-10-19"
"29","393","1954-12-13","1978-10-29"
"29","394","1970-12-03","1972-12-07"
"29","397","1970-12-03","1984-07-01"
"29","404","1946-12-16","1950-11-26"
"29","406","1946-12-16","1950-09-28"
"29","407","1984-07-02","1994-05-02"
"29","408","1990-10-24","2003-10-05"
"29","408","2008-05-01","2008-10-19"
"29","409","1946-12-16","1949-10-13"
"29","412","1986-10-22","2003-10-05"
"29","413","1986-10-22","2003-10-05"
"29","414","2003-10-06","2003-10-06"
"29","418","1950-11-27","1954-12-12"
"29","419","1994-10-17","1994-10-17"
"29","420","1974-11-12","1990-10-23"
"29","424","1954-12-13","1974-11-11"
"29","425","1946-12-16","1950-11-26"
"29","426","1950-02-09","1966-12-01"
"29","427","1954-12-13","1974-11-11"
"29","428","1962-12-07","1970-12-02"
"29","430","1954-12-13","1970-12-02"
"29","432","2003-10-06","2003-10-06"
"29","433","2008-10-20","2008-10-20"
"29","434","1954-12-13","1958-12-03"
"29","435","1994-10-17","1994-10-17"
"29","440","1950-11-27","1966-12-01"
"29","442","1953-10-27","1990-10-23"
"29","443","1974-11-12","1978-10-29"
"29","450","1962-12-07","1990-10-23"
"29","451","2003-10-06","2003-10-06"
"29","453","1946-12-16","1950-11-26"
"29","459","1950-11-27","1966-12-01"
"29","460","1970-12-03","1984-07-18"
"29","462","2013-10-07","2013-10-07"
"29","463","1982-10-20","2003-10-05"
"29","465","1970-09-16","1970-12-02"
"29","466","1990-10-23","2008-10-19"
"29","467","2013-10-07","2013-10-07"
"29","469","2008-05-01","2008-10-19"
"29","470","2013-10-07","2013-10-07"
"29","471","1946-12-16","1950-02-08"
"29","473","1978-10-28","1978-10-28"
"29","475","1970-12-03","1994-10-14"
"29","476","1958-12-04","1977-05-26"
"29","477","2003-10-06","2003-10-06"
"29","478","2013-10-07","2013-10-07"
"29","479","1946-12-16","1970-12-02"
"29","480","2013-10-07","2013-10-07"
"29","482","1978-10-30","1986-10-21"
"29","483","2003-10-06","2003-10-06"
"29","484","1946-12-16","1970-12-02"
"29","485","1970-12-03","1986-10-21"
"29","486","1946-12-16","1950-11-26"
"29","490","1974-11-12","1986-10-21"
"29","492","1954-12-13","1958-03-25"
"29","493","1953-11-24","1958-12-03"
"29","497","1980-12-03","2003-06-05"
"29","498","1969-09-09","1976-12-21"
"29","501","2003-10-06","2003-10-06"
"29","503","1974-11-12","1978-01-22"
"29","504","1977-01-25","1998-09-27"
"29","505","2003-10-06","2003-10-06"
"29","511","1958-12-04","1990-10-23"
"29","513","1986-10-22","2003-10-05"
"29","517","1950-11-27","1970-12-02"
"29","518","2008-10-20","2008-10-20"
"29","519","1951-09-23","1963-02-14"
"29","520","1972-08-17","1974-11-11"
"29","522","1946-12-16","1954-12-12"
"29","523","1986-10-22","1994-10-14"
"29","526","1978-10-30","1986-10-21"
"29","531","2013-10-07","2013-10-07"
"29","532","1966-12-02","1982-10-19"
"29","534","1950-11-27","1958-12-03"
"29","535","1958-12-04","1959-01-01"
"29","537","1986-10-22","2008-10-19"
"29","539","1974-11-12","1978-10-29"
"29","541","1984-07-18","1986-07-26"
"29","543","1978-10-30","2003-10-05"
"29","544","1950-11-27","1954-09-12"
"29","545","2003-10-06","2008-10-19"
"29","548","1970-12-03","1984-07-17"
"29","550","1962-12-07","1970-12-02"
"29","552","1990-05-16","2013-10-07"
"29","553","1966-12-02","1978-05-30"
"29","553","1986-10-22","1994-10-14"
"29","554","2013-10-07","2013-10-07"
"29","560","1986-10-22","2003-10-05"
"29","564","1970-12-03","1984-09-16"
"29","565","1957-09-30","1970-12-02"
"29","566","1987-12-17","2002-04-30"
"29","568","1970-12-03","1986-10-21"
"29","571","1982-10-20","2013-10-07"
"29","573","1978-10-30","1980-08-05"
"29","576","1988-10-10","1990-10-23"
"29","578","1974-11-12","1994-10-14"
"29","582","1946-12-16","1962-12-06"
"29","584","1962-12-07","1970-09-09"
"29","585","1948-12-10","1958-12-03"
"29","586","1994-10-19","2008-04-30"
"29","587","2013-10-07","2013-10-07"
"29","588","1946-12-16","1950-11-26"
"29","589","1994-10-17","1994-10-17"
"29","590","1958-12-04","1963-04-03"
"29","592","1970-12-03","1986-10-21"
"29","593","1946-12-16","1950-11-26"
"29","596","1949-11-30","1950-11-26"
"29","597","1970-12-03","1978-10-10"
"29","598","1990-10-23","1990-10-23"
"29","602","1988-01-01","2003-10-05"
"29","605","1990-10-23","2008-10-19"
"29","606","1946-12-16","1958-12-03"
"29","608","2002-05-01","2008-10-19"
"29","613","1998-09-28","1998-09-28"
"29","617","1946-12-16","1950-11-26"
"29","618","1963-04-08","1966-12-01"
"29","619","2013-10-07","2013-10-07"
"29","620","1946-12-16","1953-06-01"
"29","621","1946-12-16","1949-11-16"
"29","623","1946-12-16","1948-11-28"
"29","624","1970-12-03","1998-09-27"
"29","629","1953-11-24","1954-12-12"
"29","630","1946-12-16","1950-11-26"
"29","631","1960-07-01","1978-10-29"
"29","634","1974-11-12","1990-10-23"
"29","635","1962-12-07","1986-10-21"
"29","636","1970-12-03","1990-10-23"
"29","639","2013-10-07","2013-10-07"
"29","640","1970-12-03","2003-10-05"
"29","642","1946-12-16","1950-11-26"
"29","643","1966-12-02","1978-10-29"
"29","644","1957-10-15","1966-12-01"
"29","648","1950-11-27","1954-12-12"
"29","649","1958-02-10","1964-08-16"
"29","650","1990-10-24","1994-10-14"
"29","651","1974-11-12","1992-05-22"
"29","657","1954-12-13","1958-12-03"
"29","658","1954-09-08","1970-12-02"
"29","661","1994-10-15","2003-10-05"
"29","664","1978-03-15","1986-10-21"
"29","666","2008-10-20","2008-10-20"
"29","669","1982-10-20","2003-10-05"
"29","672","1966-12-02","1974-11-11"
"29","675","1970-12-03","1994-10-14"
"29","676","1949-12-30","1958-12-03"
"29","677","2008-10-20","2008-10-20"
"29","678","1978-06-01","1978-10-29"
"29","683","1946-12-16","1970-12-02"
"29","685","1946-12-16","1950-11-26"
"29","687","1954-12-13","1958-12-03"
"29","689","1948-12-21","1950-11-26"
"29","690","1978-10-30","1998-09-27"
"29","691","1978-10-30","1987-12-31"
"29","694","1986-10-22","1987-12-14"
"29","695","1998-09-28","2013-10-07"
"29","696","1978-10-30","1998-09-27"
"29","698","1970-12-03","1998-09-27"
"29","699","1946-12-16","1950-11-26"
"29","700","1978-10-30","1990-10-23"
"29","703","1954-12-13","1958-12-03"
"29","703","1961-10-10","1962-12-06"
"29","705","1946-12-16","1958-12-03"
"29","706","1998-09-28","2011-12-14"
"29","708","1949-10-07","1950-11-26"
"29","711","1953-11-24","1967-06-17"
"29","712","2008-10-20","2008-10-20"
"29","713","1958-12-04","1977-05-26"
"29","714","1974-11-12","2003-10-05"
"29","715","1958-02-13","1974-11-11"
"29","717","1966-12-02","1974-11-11"
"29","718","1966-11-26","1998-09-27"
"29","720","1990-10-23","2008-04-30"
"29","722","1978-10-30","1982-10-19"
"29","722","1983-11-01","1985-12-31"
"29","723","1966-12-02","1990-10-23"
"29","725","1946-12-16","1956-04-18"
"29","726","1974-11-12","1998-09-27"
"29","728","1986-10-22","2013-10-07"
"29","729","1994-10-15","2002-04-30"
"29","731","1978-10-30","1990-10-23"
"29","731","1994-05-09","1994-10-14"
"29","735","1974-11-12","1986-10-21"
"29","736","1990-05-16","1990-10-23"
"29","741","2000-05-01","2013-10-07"
"29","742","1970-12-03","1994-10-14"
"29","744","1966-12-02","1970-12-02"
"29","746","2013-10-07","2013-10-07"
"29","748","1990-10-23","2008-10-19"
"29","750","1946-12-16","1962-12-06"
"29","755","1965-09-13","1974-11-11"
"29","756","1970-12-03","2003-10-05"
"29","761","1994-10-17","2013-10-07"
"29","762","1946-12-16","1962-12-06"
"29","766","1982-10-20","1990-05-15"
"29","769","1954-12-13","1958-12-03"
"29","770","1970-12-03","1986-10-21"
"29","772","1946-12-16","1950-11-26"
"29","773","1990-10-23","2008-10-19"
"29","774","2003-10-06","2003-10-06"
"29","775","1958-12-04","1970-12-02"
"29","776","1954-12-13","1966-12-01"
"29","777","1970-12-03","1994-10-14"
"29","779","1946-12-16","1950-11-26"
"29","781","1950-08-17","1950-11-26"
"29","782","2013-10-07","2013-10-07"
"29","783","1954-12-13","1966-12-01"
"29","784","1978-10-30","1998-09-27"
"29","785","1998-09-28","2013-10-07"
"29","786","1946-12-16","1950-11-26"
"29","787","1958-06-26","1958-12-03"
"29","787","1959-01-02","1994-10-14"
"29","788","1962-12-07","1970-12-02"
"29","790","1998-09-28","2008-10-19"
"29","794","1958-12-04","1962-12-06"
"29","794","1965-10-14","1966-12-01"
"29","796","1946-12-16","1958-12-03"
"29","800","1978-10-30","1986-10-21"
"29","801","2002-05-01","2013-10-07"
"29","803","1946-12-16","1950-11-26"
"29","810","1996-08-01","2008-10-19"
"29","816","1946-12-16","1950-11-26"
"29","817","1982-06-16","1982-10-19"
"29","818","2008-05-05","2008-10-19"
"29","819","1958-12-04","1968-05-09"
"29","821","2003-06-12","2003-10-05"
"29","822","1946-12-16","1961-08-18"
"29","824","1998-09-28","2003-10-05"
"29","826","1958-12-04","1984-11-01"
"29","828","1958-12-04","1966-12-01"
"29","829","2004-08-01","2008-10-19"
"29","832","1982-10-20","1990-10-23"
"29","833","2002-05-01","2008-10-19"
"29","834","1982-10-20","1994-10-14"
"29","835","1965-04-01","1978-07-23"
"29","836","1966-12-02","1978-10-29"
"29","839","1946-12-16","1950-11-26"
"29","840","1974-11-12","1978-10-29"
"29","842","1946-12-16","1954-12-12"
"29","843","1946-12-16","1949-09-01"
"29","845","1982-10-20","1994-10-14"
"29","846","1966-12-02","1981-11-06"
"29","847","1946-12-16","1950-11-26"
"29","848","1994-10-17","1994-10-17"
"29","853","1958-12-04","1974-09-24"
"29","855","1948-03-08","1954-12-12"
"29","860","2013-10-07","2013-10-07"
"29","861","2008-10-20","2013-10-07"
"29","862","1958-12-04","1965-10-21"
"29","863","2003-10-06","2008-10-19"
"29","864","1953-10-28","1965-01-22"
"29","865","1990-10-23","2008-10-19"
"29","866","1958-12-04","1974-11-11"
"29","868","1962-12-07","1970-12-02"
"29","869","1953-11-24","1970-12-02"
"29","871","1974-11-12","2003-10-05"
"29","872","1978-08-04","1978-10-29"
"29","873","2013-10-07","2013-10-07"
"29","875","1954-12-13","1962-12-06"
"29","875","1964-08-24","1966-12-01"
"29","878","1994-10-15","2002-04-30"
"29","880","2008-10-20","2008-10-20"
"29","881","1954-12-13","1968-10-20"
"29","883","1962-12-07","1966-12-01"
"29","885","2003-10-06","2013-10-07"
"29","886","1978-10-30","1990-10-23"
"29","887","1959-06-18","1962-06-13"
"29","891","2008-10-20","2008-10-20"
"29","893","1990-10-24","2003-10-05"
"29","895","1946-12-16","1950-11-26"
"29","897","2013-10-07","2013-10-07"
"29","900","1970-12-03","2003-10-05"
"29","902","1946-12-16","1950-11-26"
"29","908","1954-12-13","1960-06-23"
"29","909","1974-11-12","1977-04-26"
"29","910","1984-11-02","1994-10-14"
"29","911","1970-12-03","1994-10-14"
"29","913","1970-12-03","1990-10-23"
"29","920","1990-10-23","1990-10-23"
"29","922","1962-12-07","1970-12-02"
"29","924","1994-10-17","2008-04-30"
"29","925","1996-05-01","1996-05-01"
"29","929","1958-12-04","1974-11-11"
"29","933","1958-12-04","1978-10-29"
"29","935","2003-10-06","2003-10-06"
"29","937","1954-12-13","1978-10-29"
"29","938","1990-10-23","2013-10-07"
"29","939","1958-12-04","1962-12-06"
"29","940","2003-10-06","2008-04-30"
"29","942","1961-08-16","1982-10-19"
"29","943","1946-12-16","1950-03-30"
"29","945","1953-11-24","1954-12-12"
"29","946","1990-10-23","1990-10-23"
"29","949","1958-12-04","1962-12-06"
"29","950","1958-12-04","1970-12-02"
"29","952","1946-12-16","1949-11-08"
"29","954","2006-01-01","2008-10-19"
"29","954","2013-10-07","2013-10-07"
"29","956","1950-11-27","1974-11-11"
"29","958","1946-12-16","1950-11-26"
"29","962","1970-12-03","1974-04-30"
"29","968","1978-06-07","1978-10-29"
"29","969","1962-12-07","1974-11-11"
"29","975","1946-12-16","1957-09-27"
"29","976","1978-10-30","2003-10-05"
"29","977","1946-12-16","1950-11-26"
"29","978","1994-10-17","2008-10-19"
"29","979","1990-10-23","2013-10-07"
"29","980","1946-12-16","1954-12-12"
"29","981","1998-09-28","2013-10-07"
"29","982","1970-12-03","1978-03-14"
"29","983","1978-11-30","1987-11-10"
"29","984","1950-11-27","1974-11-11"
"29","991","1966-12-02","1970-12-02"
"29","994","2003-10-06","2007-11-07"
"29","996","1994-10-15","2000-04-30"
"29","999","1994-10-18","2011-05-11"
"29","1002","1974-05-06","1990-10-23"
"29","1004","1966-12-02","1972-07-31"
"29","1005","1966-12-02","1978-07-12"
"29","1008","2003-10-06","2003-10-06"
"29","1009","2013-10-07","2013-10-07"
"29","1010","1966-12-02","1994-10-14"
"29","1011","1946-12-16","1950-11-26"
"29","1013","2003-10-06","2007-01-17"
"29","1015","1994-10-15","2003-10-05"
"29","1016","1966-08-22","1970-12-02"
"29","1018","2008-10-20","2008-10-20"
"29","1019","1950-11-27","1954-12-12"
"29","1019","1958-12-04","1966-12-01"
"29","1024","1950-11-27","1970-12-02"
"29","1027","2013-10-07","2013-10-07"
"29","1029","1946-12-16","1950-11-26"
"29","1030","2013-10-07","2013-10-07"
"29","1031","1990-10-24","2003-10-05"
"29","1032","1957-10-16","1958-11-23"
"29","1033","1982-10-20","2003-10-05"
"29","1035","2003-10-06","2013-10-07"
"29","1036","1946-12-16","1948-09-18"
"29","1037","1946-12-16","1950-11-26"
"29","1038","1946-12-16","1950-11-26"
"29","1038","1958-12-04","1962-12-06"
"29","1040","1954-12-13","1978-10-29"
"29","1041","1972-12-07","1974-11-11"
"29","1041","1978-05-05","1978-10-29"
"29","1043","2008-10-20","2008-10-20"
"29","1045","1974-11-12","1990-10-23"
"29","1046","1970-12-03","1989-06-22"
"29","1047","1953-11-24","1954-12-12"
"29","1048","1949-03-21","1950-11-26"
"29","1055","2013-10-07","2013-10-07"
"29","1056","1978-10-30","1994-10-14"
"29","1059","1946-12-16","1961-08-05"
"29","1060","2008-10-20","2008-10-20"
"29","1061","1958-12-04","1986-10-21"
"29","1064","1970-12-03","1994-10-14"
"29","1066","2003-10-06","2003-10-06"
"29","1068","1998-09-28","1998-09-28"
"29","1075","1986-10-22","2013-10-07"
"29","1077","1952-12-15","1970-12-02"
"29","1084","1994-10-17","1994-10-17"
"29","1086","1966-12-02","1978-10-29"
"29","1087","1978-01-27","1978-10-29"
"29","1088","1974-11-07","2008-10-19"
"29","1092","1998-09-28","2008-10-19"
"29","1094","1976-10-26","1976-10-26"
"29","1097","1950-11-27","1951-05-10"
"29","1099","1958-12-04","1974-11-11"
"29","1101","1950-11-27","1954-09-12"
"29","1102","1946-12-16","1949-03-12"
"29","1105","1968-05-14","1994-10-14"
"29","1107","1962-12-07","1970-12-02"
"29","1108","2008-10-20","2008-10-20"
"29","1109","1998-09-28","2002-04-30"
"29","1112","1950-11-27","1954-12-12"
"29","1114","1994-10-17","2013-10-07"
"29","1116","2003-10-06","2003-10-06"
"29","1118","1946-12-16","1950-11-26"
"29","1120","1990-10-23","2008-10-19"
"29","1121","1974-11-07","2008-10-19"
"29","1125","1946-12-16","1947-04-03"
"29","1125","1949-03-23","1950-11-26"
"29","1126","2013-10-07","2013-10-07"
"29","1127","1961-11-06","1966-06-27"
"29","1128","1978-10-30","1988-10-03"
"29","1129","1982-10-20","2013-10-07"
"29","1131","1962-12-07","1994-10-14"
"29","1132","1950-11-27","1966-12-01"
"29","1133","1946-12-16","1950-11-26"
"29","1140","2003-10-06","2008-10-19"
"29","1140","2011-12-05","2011-12-05"
"29","1141","1958-12-04","1974-11-11"
"29","1146","2003-10-06","2003-10-06"
"29","1147","1946-12-16","1950-11-26"
"29","1149","1948-03-12","1950-11-26"
"29","1150","1958-12-04","1966-12-01"
"29","1150","1969-07-31","1970-12-02"
"29","1152","1994-10-17","1994-10-17"
"29","1153","1946-12-16","1949-12-31"
"29","1154","1970-12-03","1991-11-29"
"29","1156","2008-10-20","2008-10-20"
"29","1157","1970-12-03","1986-10-21"
"29","1159","1946-12-16","1950-11-26"
"29","1161","1950-11-27","1958-12-03"
"29","1164","1994-10-17","2008-10-19"
"29","1166","2013-10-07","2013-10-07"
"29","1168","1986-10-22","2008-10-19"
"29","1169","2013-10-07","2013-10-07"
"29","1170","1946-12-16","1950-11-26"
"29","1171","1946-12-16","1950-11-26"
"29","1175","1994-10-18","1994-10-18"
"29","1176","1986-10-22","1990-05-15"
"29","1179","1946-12-16","1950-11-26"
"29","1180","1954-12-13","1970-12-02"
"29","1181","1998-09-28","2008-10-19"
"29","1182","1954-12-13","1966-12-01"
"29","1183","2013-10-07","2013-10-07"
"29","1185","1974-11-12","1988-04-28"
"29","1191","1970-12-03","1998-09-27"
"29","1192","1958-12-04","1994-10-14"
"29","1193","1958-12-04","1972-10-10"
"29","1194","1966-12-02","1974-11-11"
"29","1196","1970-12-03","1978-07-12"
"29","1197","1962-12-07","1974-11-11"
"29","1203","1986-10-22","1998-09-27"
"29","1205","1962-12-07","1970-12-02"
"29","1206","1998-09-28","2008-10-19"
"29","1206","2013-10-07","2013-10-07"
"29","1208","2002-05-01","2004-07-31"
"29","1210","1957-10-16","1958-12-03"
"29","1213","2002-05-01","2008-10-19"
"29","1214","2003-10-06","2003-10-06"
"29","1216","1966-12-02","1970-12-02"
"29","1217","1950-11-27","1954-12-12"
"29","1218","1946-12-16","1950-11-26"
"29","1221","2003-10-06","2008-10-19"
"29","1223","1953-03-16","1957-10-11"
"29","1224","1969-12-19","1970-12-02"
"29","1225","1946-12-16","1950-11-26"
"29","1226","1946-12-16","1950-11-26"
"29","1229","2003-10-06","2013-10-07"
"29","1230","1953-08-21","1954-12-12"
"29","1231","1966-12-02","1970-12-02"
"29","1232","1970-12-03","1978-04-25"
"29","1233","1978-10-28","2013-10-07"
"29","1234","1966-12-02","1974-11-11"
"29","1235","1986-10-22","2008-10-19"
"29","1237","1962-12-07","1994-10-14"
"29","1238","1986-07-30","1986-10-21"
"29","1240","1990-10-24","1994-10-14"
"29","1241","1977-06-07","1990-10-23"
"29","1242","1954-12-13","1966-12-01"
"29","1248","2013-10-07","2013-10-07"
"29","1250","1970-12-03","1990-10-23"
"29","1252","1967-06-21","1978-10-29"
"29","1253","1974-11-07","2005-12-31"
"29","1256","1962-12-07","1970-12-02"
"29","1257","1970-12-03","2003-10-05"
"29","1258","1970-12-03","1994-10-14"
"29","1260","1958-12-04","1970-12-02"
"29","1263","1954-12-13","1961-10-31"
"29","1265","1946-12-16","1950-11-26"
"29","1266","1966-12-02","1974-11-11"
"29","1267","1964-10-26","1978-10-29"
"29","1268","1990-10-23","1990-10-23"
"29","1269","2003-10-06","2003-10-06"
"29","1272","1946-12-16","1951-08-17"
"29","1273","2013-10-07","2013-10-07"
"29","1274","1946-12-16","1950-11-26"
"29","1282","1946-12-16","1950-11-26"
"29","1283","2003-10-06","2011-12-04"
"29","1284","1949-07-08","1970-12-02"
"29","1287","1961-08-23","1978-10-29"
"29","1289","1968-10-24","1990-10-23"
"29","1290","1982-10-20","1994-10-14"
"29","1291","1974-11-12","1990-10-23"
"29","1296","1974-11-12","1978-07-12"
"29","1296","1990-10-24","2003-10-05"
"29","1297","1946-12-16","1970-12-02"
"29","1300","1954-10-22","1954-12-12"
"29","1301","1978-10-28","2013-10-07"
"29","1302","1946-12-16","1949-06-10"
"29","1303","1966-12-02","1986-10-21"
"29","1304","1978-10-28","2008-10-19"
"29","1305","2003-10-06","2003-10-06"
"29","1306","1994-10-17","2008-10-19"
"29","1307","1966-12-02","1990-10-23"
"29","1308","1948-09-30","1949-12-27"
"29","1314","1946-12-16","1966-12-01"
"29","1316","1994-10-18","2013-10-07"
"29","1318","1946-12-16","1950-11-26"
"29","1319","1946-12-16","1948-03-05"
"29","1321","1962-12-07","1965-10-08"
"29","1323","1950-11-27","1954-12-12"
"29","1325","1970-12-03","1982-10-19"
"30","30","2008-10-20","2013-10-07"
"30","40","1954-12-13","1956-01-09"
"30","58","1950-11-27","1954-12-12"
"30","68","2008-10-20","2013-02-20"
"30","71","1946-12-16","1966-12-01"
"30","71","1970-12-03","1974-11-11"
"30","86","1991-01-30","1994-10-14"
"30","88","1946-12-16","1950-11-26"
"30","103","1964-02-26","1964-02-26"
"30","109","1946-12-16","1950-11-26"
"30","113","2008-10-20","2013-10-07"
"30","115","1950-11-27","1954-12-12"
"30","135","2008-10-20","2013-10-07"
"30","138","1954-12-13","1966-12-01"
"30","139","1946-12-16","1949-09-23"
"30","160","1990-10-24","1994-10-14"
"30","167","1974-11-12","1982-10-19"
"30","167","1990-10-24","1994-10-14"
"30","182","1950-11-27","1958-12-03"
"30","226","1950-11-27","1965-11-10"
"30","246","2008-10-20","2013-10-07"
"30","254","1970-12-03","1982-10-19"
"30","266","1990-10-24","1994-10-14"
"30","266","2012-02-01","2013-10-07"
"30","269","1962-12-07","1966-12-01"
"30","348","1974-11-12","1982-10-19"
"30","348","1990-10-24","1994-10-14"
"30","353","1978-10-30","1982-10-19"
"30","353","1990-10-24","1991-01-29"
"30","356","1970-12-03","1974-11-11"
"30","375","1950-11-27","1965-10-13"
"30","379","2008-10-20","2013-10-07"
"30","380","1950-11-27","1954-12-12"
"30","392","1950-11-27","1966-12-01"
"30","392","1970-12-03","1976-11-24"
"30","421","1954-12-13","1966-12-01"
"30","421","1970-12-03","1974-11-11"
"30","429","1949-11-08","1950-11-26"
"30","439","2008-10-20","2013-10-07"
"30","441","2008-10-20","2013-10-07"
"30","446","1990-10-24","1994-10-14"
"30","502","1976-12-01","1982-10-19"
"30","508","1978-10-30","1982-10-19"
"30","509","1970-12-03","1982-10-19"
"30","527","1954-12-13","1962-12-06"
"30","555","2008-10-20","2012-01-31"
"30","558","2008-10-20","2013-10-07"
"30","579","1946-12-16","1957-05-28"
"30","601","1974-11-12","1978-10-29"
"30","656","1946-12-16","1949-10-27"
"30","719","2008-10-20","2013-10-07"
"30","739","1954-12-13","1966-12-01"
"30","807","1970-12-03","1974-11-11"
"30","851","1978-10-30","1982-10-19"
"30","858","1950-11-27","1958-12-03"
"30","870","1970-12-03","1982-10-19"
"30","876","1962-04-11","1962-12-06"
"30","887","1962-06-18","1962-12-06"
"30","903","2008-10-20","2013-10-07"
"30","918","1970-12-03","1974-11-11"
"30","932","1949-06-01","1950-11-26"
"30","941","2008-10-20","2013-10-07"
"30","959","1954-12-13","1958-12-03"
"30","997","1946-12-16","1950-11-26"
"30","1026","1965-11-15","1966-12-01"
"30","1049","1962-01-10","1962-12-06"
"30","1070","1978-10-30","1982-10-19"
"30","1077","1950-11-27","1952-12-14"
"30","1085","1990-10-24","1994-10-14"
"30","1117","1946-12-16","1950-11-26"
"30","1122","1962-05-14","1962-12-06"
"30","1123","1949-07-21","1950-11-26"
"30","1151","1973-01-17","1974-11-11"
"30","1160","2008-10-20","2013-10-07"
"30","1195","1962-12-07","1966-12-01"
"30","1195","1970-12-03","1978-10-29"
"30","1215","1946-12-16","1950-11-26"
"30","1251","1962-12-07","1966-12-01"
"30","1259","2008-10-20","2013-10-07"
"30","1264","1956-01-13","1958-12-03"
"30","1277","1950-11-27","1954-12-12"
"30","1288","1962-05-11","1962-12-06"
"30","1298","2008-10-20","2013-10-07"
"30","1309","1954-12-13","1956-06-23"
"31","3","1970-12-03","1973-03-20"
"31","5","1966-12-02","1978-11-08"
"31","6","2013-10-07","2013-10-07"
"31","9","1946-12-16","1958-12-03"
"31","10","1962-12-07","1974-11-11"
"31","16","2000-07-01","2003-10-05"
"31","18","2008-10-20","2008-10-20"
"31","21","2008-10-20","2008-10-20"
"31","32","1946-12-16","1953-09-28"
"31","36","1973-04-05","1974-11-11"
"31","39","1990-10-24","2003-10-05"
"31","46","1946-12-16","1954-12-12"
"31","48","1946-12-16","1947-06-20"
"31","51","1962-12-07","1966-12-01"
"31","52","1965-10-21","1967-12-04"
"31","56","1946-12-16","1953-10-15"
"31","59","1946-12-16","1949-09-22"
"31","60","1950-11-27","1957-03-26"
"31","62","1978-10-30","1990-10-23"
"31","63","1993-01-01","2003-10-05"
"31","69","2003-10-06","2013-10-07"
"31","70","1946-12-16","1950-11-26"
"31","75","1994-10-18","1994-10-18"
"31","79","1970-12-03","1974-11-11"
"31","80","1946-12-16","1958-12-03"
"31","81","1951-01-30","1954-08-10"
"31","83","1970-12-03","1978-10-29"
"31","89","1958-12-04","1966-12-01"
"31","89","1970-09-16","1970-12-02"
"31","90","1998-09-28","2008-10-19"
"31","91","1986-10-22","1990-10-23"
"31","95","1974-11-12","1984-06-01"
"31","98","1986-10-22","1991-07-15"
"31","106","1970-12-03","1978-10-29"
"31","112","1966-12-02","1970-12-02"
"31","116","1978-10-30","1990-10-23"
"31","119","1966-12-02","1986-10-21"
"31","121","1958-12-04","1965-10-21"
"31","123","1962-12-07","1986-10-21"
"31","129","1994-10-15","1998-09-27"
"31","130","1966-12-02","1981-04-07"
"31","136","1974-11-12","1982-10-19"
"31","137","1958-12-04","1974-11-11"
"31","142","1958-12-04","1966-12-01"
"31","145","1950-11-27","1970-12-02"
"31","151","1946-12-16","1954-12-12"
"31","156","2008-10-20","2013-10-07"
"31","157","1970-12-03","1978-10-29"
"31","165","1974-11-12","1986-10-21"
"31","169","1954-12-13","1970-12-02"
"31","170","1946-12-16","1954-09-28"
"31","171","1952-08-20","1954-12-12"
"31","171","1957-01-18","1974-11-11"
"31","173","2003-10-06","2008-04-30"
"31","174","1960-10-13","1966-12-01"
"31","175","2002-11-22","2003-10-05"
"31","177","1966-12-02","1970-12-02"
"31","183","1966-12-02","1978-10-29"
"31","186","1990-10-24","1993-12-31"
"31","191","1994-10-17","2003-10-05"
"31","191","2008-05-01","2008-10-19"
"31","196","1958-12-04","1960-05-31"
"31","204","1924-06-03","1932-04-07"
"31","204","1946-12-16","1950-05-30"
"31","208","1974-11-12","1986-10-21"
"31","209","1978-10-28","1998-09-27"
"31","213","1970-12-03","1982-10-19"
"31","217","1954-12-13","1974-11-11"
"31","225","1950-11-27","1966-12-01"
"31","228","1978-05-31","1978-10-29"
"31","228","1982-10-20","1986-10-21"
"31","230","1962-12-07","1966-12-01"
"31","232","2013-10-07","2013-10-07"
"31","237","1982-10-20","1990-10-23"
"31","238","1946-12-16","1949-07-18"
"31","244","1960-06-07","1974-11-11"
"31","252","1958-12-04","1967-02-06"
"31","253","1946-12-16","1949-09-19"
"31","261","1946-12-16","1954-12-12"
"31","262","1981-04-21","1998-09-27"
"31","263","1978-10-30","2003-10-05"
"31","267","1946-12-16","1970-12-02"
"31","276","1950-11-27","1953-09-29"
"31","278","1949-09-28","1950-11-26"
"31","281","1954-12-13","1970-12-02"
"31","283","1966-12-02","1986-10-21"
"31","287","1950-11-27","1970-12-02"
"31","288","2003-10-06","2003-10-06"
"31","289","2002-05-01","2003-10-05"
"31","292","1950-11-27","1978-10-29"
"31","296","1962-12-07","1967-08-28"
"31","298","1978-10-28","1978-10-28"
"31","299","1953-10-21","1954-12-12"
"31","299","1957-05-03","1958-12-03"
"31","300","1994-10-15","2003-10-05"
"31","302","1982-10-20","1994-10-14"
"31","306","1978-10-30","1986-10-21"
"31","310","1998-09-28","2003-10-05"
"31","313","1962-12-07","1978-10-29"
"31","315","1974-11-12","1990-07-03"
"31","317","1958-12-04","1978-10-29"
"31","319","1962-12-07","1972-09-21"
"31","322","1974-11-12","1986-10-21"
"31","325","1970-12-03","1972-12-07"
"31","329","1994-10-15","2003-10-05"
"31","337","1962-12-07","1970-12-02"
"31","337","1973-02-22","1974-11-11"
"31","338","1970-12-03","1974-11-11"
"31","345","1952-12-29","1966-12-01"
"31","347","1958-12-04","1962-12-06"
"31","350","1946-12-16","1970-12-02"
"31","354","1962-12-07","1966-12-01"
"31","357","1954-12-13","1958-12-03"
"31","366","1978-10-30","2003-10-05"
"31","367","1953-10-05","1954-12-12"
"31","368","2008-10-20","2008-10-20"
"31","369","1994-10-15","2003-10-05"
"31","369","2008-10-20","2008-10-20"
"31","370","1950-11-27","1962-12-06"
"31","372","1970-12-03","1974-11-11"
"31","376","1946-12-16","1957-01-17"
"31","377","1982-10-20","1998-09-27"
"31","378","1962-12-07","1972-12-07"
"31","383","1932-05-31","1933-12-31"
"31","383","1946-12-16","1958-11-18"
"31","384","1946-12-16","1954-12-12"
"31","386","1990-10-24","2003-10-05"
"31","389","2008-10-20","2008-10-20"
"31","391","1974-11-12","1978-10-29"
"31","396","1978-10-30","1998-09-27"
"31","399","1986-10-22","1991-12-30"
"31","400","1970-12-03","1986-10-21"
"31","401","1998-09-28","2003-10-05"
"31","403","1962-12-07","1970-09-07"
"31","405","1949-10-07","1953-10-01"
"31","411","1994-10-15","2003-10-05"
"31","415","1966-12-02","1970-12-02"
"31","416","1986-10-22","1990-09-26"
"31","417","1966-12-02","1978-10-29"
"31","422","1974-11-12","2002-12-26"
"31","431","1986-10-22","1996-07-11"
"31","436","1924-06-03","1928-12-21"
"31","436","1946-12-16","1949-09-20"
"31","444","2013-10-07","2013-10-07"
"31","445","1974-11-12","1998-07-15"
"31","448","1946-12-16","1950-11-26"
"31","449","1950-11-27","1952-10-01"
"31","452","1954-12-13","1961-12-14"
"31","454","1994-10-15","2003-10-05"
"31","455","1962-12-07","1982-10-19"
"31","456","1990-10-23","2008-10-19"
"31","457","1924-06-03","1932-04-07"
"31","457","1946-12-16","1970-12-02"
"31","458","1946-12-16","1953-02-05"
"31","461","1946-12-16","1954-12-12"
"31","464","1967-09-04","1970-12-02"
"31","468","1978-10-30","1994-10-14"
"31","472","1978-10-30","1982-10-19"
"31","474","1946-12-16","1954-12-12"
"31","481","1994-10-17","2008-10-19"
"31","487","1962-12-07","1966-12-01"
"31","488","1958-12-04","1972-09-27"
"31","491","1950-11-27","1966-12-01"
"31","495","1966-12-02","1970-12-02"
"31","495","1972-12-07","1974-11-11"
"31","495","1978-10-30","1982-10-19"
"31","496","1974-11-12","1986-10-21"
"31","499","1970-12-03","1973-02-20"
"31","500","1994-01-01","1994-10-14"
"31","506","1990-10-24","2002-04-30"
"31","507","1958-12-04","1974-11-11"
"31","510","1966-12-02","1974-11-11"
"31","512","1982-10-20","1986-10-21"
"31","515","1994-10-15","2002-04-30"
"31","516","1978-10-30","1994-10-14"
"31","521","1970-12-03","1978-10-29"
"31","524","1978-10-28","2008-10-19"
"31","525","1974-11-12","1990-10-23"
"31","528","1966-12-02","1986-10-21"
"31","533","2008-10-20","2008-10-20"
"31","536","1967-12-07","1978-10-29"
"31","546","1946-12-16","1948-03-09"
"31","549","1970-12-03","1982-10-19"
"31","551","1946-12-16","1970-12-02"
"31","557","1970-12-03","1990-10-23"
"31","563","1962-03-15","1966-12-01"
"31","567","1986-10-22","1998-09-27"
"31","569","2013-10-07","2013-10-07"
"31","572","1970-12-03","1986-10-21"
"31","574","2008-10-20","2008-10-20"
"31","577","1970-11-23","1998-09-27"
"31","581","1946-12-16","1970-12-02"
"31","591","1954-04-22","1966-12-01"
"31","594","1966-12-02","1972-07-31"
"31","594","1994-10-15","1998-09-27"
"31","595","1998-09-28","2008-10-19"
"31","599","2013-10-07","2013-10-07"
"31","600","1950-11-27","1966-12-01"
"31","603","1966-12-02","1978-10-29"
"31","604","1946-12-16","1954-12-12"
"31","607","1982-10-20","1986-10-21"
"31","609","1954-12-13","1962-12-06"
"31","611","1994-10-15","2002-10-31"
"31","614","1978-10-30","1994-10-14"
"31","615","1946-12-16","1952-08-16"
"31","616","1982-10-20","1986-10-21"
"31","627","1954-04-17","1954-12-12"
"31","628","1970-12-03","1994-10-14"
"31","632","1954-12-13","1974-11-11"
"31","633","1932-05-31","1933-04-03"
"31","633","1946-12-16","1954-12-12"
"31","633","1956-04-11","1958-11-23"
"31","645","1986-10-22","2008-10-19"
"31","647","1982-10-20","1986-10-21"
"31","652","1962-12-07","1970-12-02"
"31","655","1950-11-27","1966-12-01"
"31","659","1978-10-30","1982-10-19"
"31","660","1991-07-16","2008-10-19"
"31","662","1974-11-12","1998-09-27"
"31","665","1950-11-27","1970-12-02"
"31","670","2013-10-07","2013-10-07"
"31","671","1949-09-28","1950-11-26"
"31","680","1994-10-19","2008-10-19"
"31","681","1946-12-16","1966-12-01"
"31","682","1953-10-06","1966-12-01"
"31","684","1953-10-02","1954-12-12"
"31","688","1990-10-23","2013-10-07"
"31","692","1986-10-22","1991-07-02"
"31","693","1946-12-16","1949-09-19"
"31","697","1958-12-04","1970-12-02"
"31","701","1982-10-20","1990-10-23"
"31","701","1994-10-15","2003-10-05"
"31","702","1978-10-30","1990-05-03"
"31","710","1994-10-19","2008-10-19"
"31","716","1978-11-16","1986-10-21"
"31","716","1990-10-09","1990-10-23"
"31","721","1970-12-03","1982-10-19"
"31","732","1974-11-12","1978-10-29"
"31","734","1961-12-19","1970-12-02"
"31","737","1970-12-03","1994-10-14"
"31","738","1947-07-03","1950-11-26"
"31","743","1994-10-15","2003-10-05"
"31","745","1950-11-27","1963-01-20"
"31","749","1984-06-02","2008-10-19"
"31","751","1974-11-12","1994-10-14"
"31","752","1962-12-07","1972-12-07"
"31","753","2013-10-07","2013-10-07"
"31","757","1982-10-20","1986-10-21"
"31","760","1994-10-17","2013-10-07"
"31","763","1990-10-23","2008-10-19"
"31","764","1950-11-27","1954-12-12"
"31","765","1970-12-03","1994-10-14"
"31","767","1986-10-22","2002-04-30"
"31","771","1974-11-12","1986-10-21"
"31","778","1978-10-30","1982-10-19"
"31","778","1990-07-04","2003-10-05"
"31","780","2008-10-20","2013-10-07"
"31","791","1996-07-12","2003-10-05"
"31","792","1954-12-13","1970-12-02"
"31","793","1954-12-13","1962-12-06"
"31","795","1946-12-16","1954-04-17"
"31","798","1950-11-27","1970-12-02"
"31","806","1974-11-12","1990-10-23"
"31","808","2008-10-20","2013-10-07"
"31","809","1928-06-21","1932-04-07"
"31","809","1946-12-16","1950-11-26"
"31","812","1994-10-19","2008-10-19"
"31","813","2013-10-07","2013-10-07"
"31","814","1998-09-28","1998-09-28"
"31","823","1946-12-16","1962-12-06"
"31","825","1950-11-27","1954-12-12"
"31","827","1946-12-16","1958-12-02"
"31","837","1950-11-27","1958-12-03"
"31","838","1998-09-28","2013-10-07"
"31","841","1950-11-27","1958-12-03"
"31","857","1998-09-28","1998-09-28"
"31","859","1986-10-22","2008-10-19"
"31","867","2013-10-07","2013-10-07"
"31","877","1962-12-07","1970-12-02"
"31","882","1957-03-27","1958-12-03"
"31","889","1946-12-16","1950-11-26"
"31","894","2008-10-20","2008-10-20"
"31","896","1954-08-09","1954-12-12"
"31","898","1949-10-03","1954-12-12"
"31","899","2003-10-06","2003-10-06"
"31","901","1982-10-20","2003-10-05"
"31","904","1946-12-16","1950-11-26"
"31","905","1932-05-31","1933-04-03"
"31","905","1946-12-16","1950-11-26"
"31","907","2008-10-20","2008-10-20"
"31","912","2013-10-07","2013-10-07"
"31","915","1962-12-07","1966-12-01"
"31","917","1962-12-07","1992-10-06"
"31","919","1954-12-13","1956-03-22"
"31","926","1962-12-07","1978-10-29"
"31","928","2003-10-06","2013-10-07"
"31","930","1958-12-11","1966-12-01"
"31","931","1966-12-02","1970-12-02"
"31","934","1946-12-16","1952-11-19"
"31","944","1954-12-13","1962-12-06"
"31","947","1994-10-15","1998-09-27"
"31","948","1962-12-07","1970-12-02"
"31","948","1972-12-07","1974-11-11"
"31","953","1990-05-09","1990-10-23"
"31","960","1946-12-16","1966-12-01"
"31","961","2013-10-07","2013-10-07"
"31","963","1994-10-19","2005-10-18"
"31","964","1990-10-23","2008-10-19"
"31","966","1982-10-20","1994-10-14"
"31","967","1990-10-23","1990-10-23"
"31","970","1950-06-05","1950-11-26"
"31","971","1954-12-13","1970-12-02"
"31","972","1966-12-02","1986-10-21"
"31","973","1974-11-12","1990-10-23"
"31","974","1990-10-24","2003-10-05"
"31","987","1994-10-19","2002-11-15"
"31","988","1994-10-15","2003-10-05"
"31","990","1978-10-30","1998-09-27"
"31","992","1998-09-28","1998-09-28"
"31","993","1970-12-03","1986-10-21"
"31","995","1970-12-03","1978-10-29"
"31","998","2008-10-20","2013-10-07"
"31","1000","1966-12-02","1974-11-11"
"31","1001","1962-12-07","1974-11-11"
"31","1003","1970-12-03","1986-10-21"
"31","1006","1994-10-15","2003-10-05"
"31","1014","1966-12-02","1970-12-02"
"31","1014","1972-09-28","1974-11-11"
"31","1020","1986-10-22","2003-10-05"
"31","1021","1974-11-12","1994-10-14"
"31","1022","1986-10-22","2003-10-05"
"31","1025","2002-05-02","2002-05-02"
"31","1028","1970-12-03","1978-10-29"
"31","1039","1962-12-07","1966-12-01"
"31","1042","1966-12-02","1972-12-07"
"31","1044","1948-10-11","1950-11-26"
"31","1050","1946-12-16","1950-11-26"
"31","1051","1994-10-15","1998-09-27"
"31","1052","1946-12-16","1950-11-26"
"31","1053","1950-11-27","1958-12-03"
"31","1054","1974-11-12","1992-12-31"
"31","1057","1966-12-02","1982-10-19"
"31","1062","1953-02-06","1970-12-02"
"31","1063","1928-06-21","1933-04-03"
"31","1063","1946-12-16","1950-11-26"
"31","1065","1950-11-27","1954-12-12"
"31","1069","1946-12-16","1947-06-12"
"31","1069","1950-11-27","1970-12-02"
"31","1073","1991-07-03","1998-09-25"
"31","1073","2003-01-07","2003-10-05"
"31","1074","1998-07-20","1998-09-27"
"31","1074","2002-05-01","2003-10-05"
"31","1076","1950-11-27","1958-12-03"
"31","1078","1954-12-13","1978-10-29"
"31","1079","1966-12-02","1982-10-19"
"31","1080","1982-10-20","1994-10-14"
"31","1081","2003-10-06","2003-10-06"
"31","1082","1958-12-04","1974-11-11"
"31","1090","2008-10-20","2008-10-20"
"31","1096","1958-12-04","1974-05-06"
"31","1098","1982-10-20","2003-10-05"
"31","1100","1966-12-02","1974-11-11"
"31","1103","1994-10-15","1998-09-27"
"31","1104","1992-10-07","2013-10-07"
"31","1110","1958-12-03","1966-12-01"
"31","1111","1974-05-10","1990-10-23"
"31","1113","1961-10-25","1962-12-06"
"31","1115","1958-12-04","1970-12-02"
"31","1119","1946-12-16","1962-12-06"
"31","1124","1986-10-22","2003-10-05"
"31","1134","1932-05-31","1933-04-03"
"31","1134","1950-11-27","1957-04-29"
"31","1135","2005-10-19","2005-10-19"
"31","1136","1972-12-07","1974-11-11"
"31","1137","1954-12-13","1961-10-24"
"31","1138","2003-10-06","2003-10-06"
"31","1144","1980-01-24","1982-10-19"
"31","1145","1946-12-16","1958-12-09"
"31","1151","1966-12-02","1972-04-03"
"31","1155","2013-10-07","2013-10-07"
"31","1163","1950-11-27","1958-12-03"
"31","1167","1986-10-22","1991-08-08"
"31","1172","1932-01-01","1932-04-07"
"31","1172","1949-10-06","1950-11-26"
"31","1174","1954-12-13","1966-12-01"
"31","1184","1998-09-28","2008-10-19"
"31","1186","1990-10-24","2003-10-05"
"31","1187","1946-12-16","1950-11-26"
"31","1188","1947-07-16","1948-10-06"
"31","1190","1998-09-28","2008-10-19"
"31","1199","1990-10-23","2008-10-19"
"31","1200","1950-11-27","1954-12-12"
"31","1201","2013-10-07","2013-10-07"
"31","1202","1949-07-25","1950-11-26"
"31","1204","1974-11-12","1990-10-23"
"31","1207","1966-12-02","1970-12-02"
"31","1207","1972-09-27","1974-11-11"
"31","1209","1982-10-20","1990-10-23"
"31","1211","1958-12-04","1966-12-01"
"31","1212","1966-12-02","1974-11-11"
"31","1219","2003-10-06","2003-10-06"
"31","1220","1958-12-04","1970-12-02"
"31","1227","1950-11-27","1974-11-11"
"31","1236","1966-12-02","1970-12-02"
"31","1236","1972-12-07","1974-11-11"
"31","1239","2008-10-20","2008-10-20"
"31","1243","1998-09-28","2013-10-07"
"31","1244","1978-10-30","1986-10-21"
"31","1245","1991-08-09","1991-08-09"
"31","1246","1970-12-03","1972-12-07"
"31","1247","1962-12-07","1978-10-29"
"31","1254","2008-10-20","2008-10-20"
"31","1255","1946-12-16","1950-11-26"
"31","1261","1946-12-16","1958-12-03"
"31","1270","1970-12-03","1994-10-14"
"31","1271","1955-11-25","1960-10-10"
"31","1275","2013-10-07","2013-10-07"
"31","1276","1946-12-16","1962-12-06"
"31","1278","1974-11-12","1990-10-23"
"31","1279","1970-12-03","1971-12-14"
"31","1280","1954-12-13","1966-12-01"
"31","1281","1998-09-28","2008-10-19"
"31","1285","1998-09-28","2013-10-07"
"31","1292","2008-10-20","2008-10-20"
"31","1293","2002-11-08","2003-10-05"
"31","1294","1962-12-07","1970-12-02"
"31","1295","1950-11-27","1962-12-06"
"31","1299","1962-12-07","1978-05-30"
"31","1310","1955-06-24","1955-11-25"
"31","1312","1978-10-30","1990-10-23"
"31","1313","1946-12-16","1966-12-01"
"31","1315","1928-06-21","1932-04-07"
"31","1315","1950-11-27","1951-01-29"
"31","1317","1954-12-13","1974-11-11"
"31","1322","2013-10-07","2013-10-07"
"31","1324","1982-10-20","1996-11-05"
"31","1326","1994-10-15","2003-10-05"
"31","1327","1970-12-03","1986-10-21"
"32","8","2008-10-20","2008-10-20"
"32","34","2008-10-20","2008-10-20"
"32","68","2013-02-21","2013-10-07"
"32","223","2008-10-20","2008-10-20"
"32","234","2008-10-20","2008-10-20"
"32","324","2008-10-20","2008-10-20"
"32","333","2008-10-20","2008-10-20"
"32","395","2008-10-20","2013-10-07"
"32","395","2014-05-01","2014-05-01"
"32","438","2008-10-20","2008-10-20"
"32","489","2014-10-01","2014-10-01"
"32","514","2008-10-20","2013-10-07"
"32","583","2013-10-07","2013-10-07"
"32","724","2008-10-20","2008-10-20"
"32","740","2008-10-20","2008-10-20"
"32","754","2008-10-20","2014-09-30"
"32","804","2008-10-20","2009-06-16"
"32","820","2008-10-20","2008-10-20"
"32","830","2008-10-20","2008-10-20"
"32","831","2008-10-20","2013-10-07"
"32","874","2008-10-20","2013-10-07"
"32","985","2013-10-07","2013-10-07"
"32","1034","2008-10-20","2014-04-30"
"32","1130","2008-10-20","2008-10-20"
"32","1178","2008-10-20","2008-10-20"
"32","1249","2008-10-20","2008-10-20"
"32","1311","2013-10-07","2013-10-07"
"33","11","1949-12-01","1949-12-27"
"33","44","1949-03-16","1949-11-09"
"33","44","1949-12-01","1949-12-27"
"33","538","1949-03-17","1949-11-08"
"33","727","1949-03-17","1949-11-08"
"33","890","1949-03-17","1949-11-08"
"33","932","1949-03-16","1949-05-31"
"33","952","1949-11-30","1949-12-26"
"33","952","1950-01-17","1950-11-26"
"33","986","1949-03-17","1949-11-08"
"33","1123","1949-03-17","1949-07-20"
"34","11","1949-12-28","1950-01-17"
"34","44","1949-11-10","1949-11-30"
"34","44","1949-12-28","1950-01-17"
"34","54","1952-04-04","1954-04-21"
"34","93","1967-05-06","1970-12-02"
"34","103","1963-07-30","1964-02-25"
"34","170","1954-09-29","1954-12-12"
"34","256","1997-09-15","1998-09-27"
"34","304","1966-06-24","1966-07-05"
"34","335","2002-05-01","2003-10-05"
"34","352","2002-06-20","2003-10-05"
"34","357","1958-12-03","1958-12-03"
"34","398","1999-12-19","2003-10-05"
"34","399","1991-12-31","1994-10-14"
"34","406","1950-09-29","1950-11-26"
"34","409","1949-10-14","1950-11-26"
"34","409","1952-04-03","1954-12-12"
"34","410","1952-04-03","1954-12-12"
"34","437","1970-01-23","1970-12-02"
"34","449","1952-10-02","1954-12-12"
"34","492","1958-03-26","1958-12-03"
"34","494","1948-08-26","1949-11-09"
"34","546","1948-03-10","1950-02-09"
"34","559","1948-09-23","1949-11-09"
"34","579","1957-05-29","1957-11-06"
"34","607","1996-11-07","1998-09-27"
"34","622","1953-10-07","1954-01-12"
"34","654","1948-09-23","1948-12-16"
"34","654","1949-03-18","1949-11-09"
"34","668","1949-03-18","1950-11-26"
"34","674","1947-07-18","1947-10-19"
"34","674","1949-03-17","1949-11-08"
"34","707","1947-06-20","1947-07-17"
"34","707","1948-09-22","1950-11-26"
"34","725","1956-04-19","1958-12-03"
"34","781","1948-09-22","1950-01-16"
"34","804","2009-06-17","2013-10-07"
"34","952","1949-11-09","1949-11-29"
"34","952","1949-12-27","1950-01-16"
"34","986","1949-11-09","1949-11-29"
"34","986","1949-12-27","1950-01-16"
"34","1071","1970-11-02","1970-12-02"
"34","1151","1972-04-04","1973-01-16"
"34","1162","1952-04-04","1953-01-20"
"34","1173","1952-04-04","1953-01-20"
"34","1189","1953-10-07","1954-12-12"
"34","1288","1952-04-03","1953-01-20"
"35","26","1966-12-02","1970-12-02"
"35","93","1966-12-02","1967-05-05"
"35","140","1966-12-02","1970-12-02"
"35","233","1966-12-02","1970-12-02"
"35","285","1966-12-02","1970-12-02"
"35","423","1966-12-02","1970-12-02"
"35","437","1966-12-02","1970-01-22"
"35","625","1966-12-02","1970-12-02"
"35","653","1966-12-02","1970-12-02"
"35","852","1966-12-02","1970-12-02"
"35","856","1966-12-02","1970-12-02"
"35","884","1966-12-02","1970-12-02"
"35","921","1966-12-02","1970-12-02"
"35","989","1966-12-02","1970-12-02"
"35","1071","1966-12-02","1970-11-01"
"36","29","1950-11-27","1961-12-15"
"36","43","1954-12-13","1962-12-06"
"36","44","1950-11-27","1962-12-06"
"36","76","1950-11-27","1958-01-06"
"36","77","1954-12-13","1958-12-03"
"36","103","1954-12-13","1963-07-29"
"36","107","1954-12-13","1958-12-03"
"36","198","1950-11-27","1954-07-28"
"36","205","1950-11-27","1954-12-12"
"36","205","1958-01-11","1958-12-03"
"36","214","1958-12-04","1962-12-06"
"36","215","1950-11-27","1954-12-12"
"36","219","1950-11-27","1951-10-17"
"36","245","1950-11-27","1962-12-06"
"36","259","1951-10-22","1954-12-12"
"36","284","1950-11-27","1958-12-03"
"36","304","1950-11-27","1966-06-23"
"36","307","1950-11-27","1958-12-03"
"36","314","1950-11-27","1958-12-03"
"36","360","1950-11-27","1954-12-12"
"36","493","1950-11-27","1953-11-23"
"36","544","1954-09-13","1954-12-12"
"36","562","1950-11-27","1958-12-03"
"36","570","1950-11-27","1954-12-12"
"36","579","1957-11-07","1958-12-03"
"36","580","1952-10-01","1954-12-12"
"36","620","1953-06-02","1958-12-03"
"36","622","1950-11-27","1953-10-06"
"36","622","1954-01-13","1966-12-01"
"36","626","1950-11-27","1958-12-03"
"36","629","1950-11-27","1953-11-23"
"36","637","1950-11-27","1954-12-12"
"36","637","1957-06-05","1958-12-03"
"36","638","1950-11-27","1958-12-03"
"36","658","1950-11-27","1954-09-07"
"36","663","1962-12-07","1966-12-01"
"36","704","1950-11-27","1951-10-19"
"36","711","1950-11-27","1953-11-23"
"36","747","1961-12-20","1962-12-06"
"36","768","1950-11-27","1962-12-06"
"36","787","1954-12-13","1958-06-25"
"36","799","1950-11-27","1954-12-12"
"36","802","1958-12-04","1966-12-01"
"36","854","1954-12-13","1962-12-06"
"36","869","1950-11-27","1953-11-23"
"36","875","1951-05-04","1954-12-12"
"36","879","1954-12-13","1958-12-03"
"36","923","1950-11-27","1954-10-20"
"36","945","1950-11-27","1953-11-23"
"36","1032","1950-11-27","1957-10-11"
"36","1032","1958-11-24","1966-12-01"
"36","1047","1950-11-27","1953-11-23"
"36","1049","1958-12-04","1962-01-09"
"36","1058","1950-11-27","1954-12-12"
"36","1101","1954-09-13","1954-12-12"
"36","1136","1950-11-27","1958-12-03"
"36","1143","1950-11-27","1957-06-03"
"36","1177","1954-12-13","1958-12-03"
"36","1189","1950-11-27","1953-10-06"
"36","1210","1950-11-27","1957-10-11"
"36","1222","1950-11-27","1966-12-01"
"36","1230","1950-11-27","1953-08-20"
"36","1267","1962-12-07","1964-10-25"
"36","1320","1950-11-27","1951-05-02"
"37","31","1950-11-27","1958-12-03"
"37","54","1954-12-13","1962-12-06"
"37","120","1954-12-13","1958-12-03"
"37","166","1950-11-27","1954-12-12"
"37","185","1950-11-27","1954-12-12"
"37","202","1950-11-27","1954-12-12"
"37","216","1954-12-13","1958-12-03"
"37","358","1950-11-27","1962-12-06"
"37","447","1960-08-12","1962-12-06"
"37","540","1958-12-04","1962-12-06"
"37","556","1950-11-27","1959-03-05"
"37","561","1958-12-04","1962-12-06"
"37","563","1954-12-13","1962-03-14"
"37","575","1950-11-27","1957-11-04"
"37","612","1950-11-27","1957-11-04"
"37","667","1958-12-04","1962-12-06"
"37","673","1950-11-27","1958-12-03"
"37","733","1950-11-27","1954-12-12"
"37","789","1950-11-27","1953-10-24"
"37","815","1950-11-27","1957-11-04"
"37","844","1958-12-04","1962-12-06"
"37","850","1950-11-27","1954-12-12"
"37","876","1958-12-04","1962-04-09"
"37","888","1950-11-27","1962-12-06"
"37","914","1953-10-28","1954-12-12"
"37","965","1950-11-27","1960-08-08"
"37","1017","1950-11-27","1958-12-03"
"37","1072","1950-11-27","1958-12-03"
"37","1083","1958-12-04","1962-12-06"
"37","1093","1950-11-27","1962-12-06"
"37","1122","1960-12-20","1962-05-11"
"37","1139","1950-11-27","1954-12-12"
"37","1288","1953-01-21","1962-05-10"
"38","44","1950-01-18","1950-11-26"
"38","494","1950-01-17","1950-11-26"
"38","538","1950-01-18","1950-11-26"
"38","546","1950-02-10","1950-11-26"
"38","559","1950-01-17","1950-11-26"
"38","654","1950-01-17","1950-11-26"
"38","674","1950-01-17","1950-11-26"
"38","727","1950-01-17","1950-11-26"
"38","781","1950-01-17","1950-08-16"
"38","890","1950-01-17","1950-11-26"
"38","986","1950-01-17","1950-11-26"
"39","54","1950-11-27","1952-04-03"
"39","409","1950-11-27","1952-04-02"
"39","410","1950-11-27","1952-04-02"
"39","1162","1950-11-27","1952-04-03"
"39","1173","1950-11-27","1952-04-03"
"39","1288","1950-11-27","1952-04-02"
"40","54","1954-04-22","1954-12-12"
"40","321","1956-11-07","1960-12-13"
"40","811","1953-10-28","1954-12-12"
"40","1162","1953-01-21","1954-12-12"
"40","1173","1953-01-21","1956-11-06"
"40","1198","1958-12-03","1958-12-03"
"41","436","1919-01-21","1922-11-07"
"42","436","1922-11-08","1924-04-05"
"42","1119","1922-11-08","1924-04-05"
"42","1172","1920-07-15","1924-04-05"
"43","471","1920-07-15","1925-01-16"
"43","648","1924-06-03","1933-04-03"
"43","705","1932-05-31","1933-04-03"
"43","839","1928-06-21","1933-04-03"
"43","980","1932-12-15","1933-04-03"
"44","494","1946-12-16","1948-08-25"
"44","538","1946-12-16","1949-03-16"
"44","559","1946-12-16","1947-07-17"
"44","559","1947-07-19","1947-11-28"
"44","654","1946-12-16","1947-07-17"
"44","654","1947-10-23","1947-11-28"
"44","654","1948-12-17","1949-03-17"
"44","668","1946-12-16","1949-03-17"
"44","674","1946-12-16","1947-07-17"
"44","674","1947-10-20","1947-11-27"
"44","674","1948-09-22","1949-03-16"
"44","707","1946-12-16","1947-06-19"
"44","707","1947-10-23","1947-11-27"
"44","727","1946-12-16","1949-03-16"
"44","781","1946-12-16","1947-11-27"
"44","890","1946-12-16","1949-03-16"
"44","932","1946-12-16","1949-03-15"
"44","986","1949-11-30","1949-12-26"
"44","1123","1946-12-16","1949-03-16"
"45","494","1949-11-10","1950-01-16"
"45","538","1949-11-09","1950-01-17"
"45","559","1949-11-10","1950-01-16"
"45","654","1949-11-10","1950-01-16"
"45","674","1949-11-09","1950-01-16"
"45","727","1949-11-09","1950-01-16"
"45","890","1949-11-09","1950-01-16"
"46","559","1947-11-29","1948-09-22"
"46","654","1947-11-29","1948-09-22"
"46","674","1947-11-28","1948-09-21"
"46","707","1947-11-28","1948-09-21"
"46","781","1947-11-28","1948-09-21"
"47","575","1957-11-05","1958-12-03"
"47","612","1957-11-05","1961-04-23"
"47","815","1957-11-05","1958-12-03"
"47","1198","1954-12-13","1958-12-03"
"48","612","1961-04-24","1962-12-06"
"49","638","1928-06-21","1932-04-07"
"49","676","1932-04-07","1932-04-07"
"49","822","1928-06-21","1932-04-07"
"50","676","1919-01-21","1932-04-07"
"51","1097","1912-02-27","1918-11-07"
"52","1119","1920-07-15","1922-11-07"
"52","1172","1919-01-21","1920-06-02"
"53","1125","1919-01-21","1920-06-02"
"54","1133","1928-06-21","1933-04-03"
"54","1153","1928-06-21","1932-04-07"
